"","Mean","Sigma","y"
"1",NA,NA,200
"2",NA,NA,200
"3",200.001,9.15746544560914,199.788995999107
"4",199.958799199821,9.01699950299646,196.720590379609
"5",199.176314875208,9.01405572816704,195.796495081602
"6",196.536771320008,8.37432789751882,198.575632454596
"7",196.353322556201,8.043376085915,196.46788596335
"8",198.155083156346,8.50958820369791,200.554281693382
"9",197.286165109357,9.28968703170766,197.002772106611
"10",199.844979776028,9.09589282377575,198.872912903597
"11",197.377800266008,8.58265403913657,195.640320047009
"12",198.227394332279,8.36590713163374,196.733247465814
"13",195.85990553077,8.37773401443386,195.9937821274
"14",196.586354398131,8.82538654445514,195.689500596382
"15",195.933925821197,8.82927953051311,194.428388844872
"16",195.43827824608,9.27274597681591,199.164169397523
"17",195.376544955402,9.4528771887965,195.619857656548
"18",198.456307049328,9.7851619711762,197.622393318239
"19",196.021364788886,10.9406063115179,201.073079303376
"20",198.313530515266,10.6611047205976,193.769851240635
"21",199.613433690828,9.81740117815357,198.224697787519
"22",194.661820550012,11.4958498588339,191.953468579727
"23",196.971451945961,10.5460493518247,199.685014823965
"24",193.500777828575,10.5000233981503,192.235391559731
"25",198.196090171118,10.5403749920222,200.164476719551
"26",193.822208591695,9.70966376640578,199.564817889188
"27",200.045544953478,9.32102756366626,196.35928909329
"28",198.924712130009,8.63164551438896,198.915643500989
"29",196.87155997483,8.32436846271196,199.353111342257
"30",199.004137069243,8.15423334142147,196.217376737186
"31",198.726964421243,8.07210950744434,198.606419608008
"32",196.69618531135,7.61073966486022,199.015077651602
"33",198.689151216726,7.40611376701302,196.746895604492
"34",198.56244124218,7.88631627673106,195.462057541756
"35",196.490927991945,8.48326766933713,198.239711881302
"36",196.018588409665,9.61381487658698,193.121526010196
"37",197.21707470708,9.36025912330233,198.519772819187
"38",194.202175371994,8.66809943092346,192.094983613867
"39",197.235814978123,8.10386199694155,196.868808005116
"40",193.050748492117,7.62385720735829,196.399465867794
"41",196.775939577651,7.81356124843136,197.552742927617
"42",196.631121279758,8.05185224746619,195.180167473384
"43",197.07922783677,7.86591263891921,195.667726489722
"44",195.278679276651,7.67216115416406,195.275617354079
"45",195.590304662593,8.35423155785579,197.770961030829
"46",195.775686089429,7.82904169190815,197.977243724406
"47",197.813217569544,7.74908690177995,199.004562263732
"48",198.183707432271,8.01236435245334,200.75979525289
"49",199.356608861564,8.67479100257761,195.210763559111
"50",199.650988914134,8.64323601812317,194.464999018458
"51",195.062610650981,11.287086785953,193.017032055379
"52",194.176405625842,10.3832562905289,194.319279361185
"53",193.27848151654,10.7270773009049,194.008257879364
"54",194.258075064821,10.920253113513,193.995982173477
"55",194.006802738187,10.1706675620679,194.867364431628
"56",194.171258625107,10.7315051169303,193.423513412732
"57",194.579594227849,9.95106958060484,194.973217158502
"58",193.734454161886,9.18590697497375,192.642608976011
"59",194.508095522004,8.94417645864707,194.162252832729
"60",192.947537747355,8.84767724638755,190.629343786692
"61",193.456671023522,8.25530676452117,191.775532086477
"62",190.859581446649,8.47297105731109,190.622760019178
"63",191.545977673018,10.0677186342931,193.735795633809
"64",191.246367142104,9.99042693909839,195.80859993185
"65",194.151356493417,9.61767432710006,188.417442386319
"66",194.331368422744,10.4144849814733,194.122078469125
"67",189.55936960288,10.177052335195,192.212980849161
"68",193.741258945132,10.0078561071214,194.894996722625
"69",192.750384023854,9.63947985694675,193.912629999501
"70",194.699523378,10.6935491134124,194.38437835236
"71",194.007979670073,11.2389864014558,191.02043254338
"72",193.712589190564,10.7859463965933,192.623043349596
"73",191.341954704623,9.98504358275726,193.643735781194
"74",192.828181835916,9.43804297063302,194.328496507216
"75",193.781687926398,10.7553981523642,199.289893247919
"76",195.321775855357,11.096411561333,194.433986080049
"77",198.319711814345,10.1841346314952,193.682927549519
"78",194.284774373943,9.40149358382179,196.810168775564
"79",194.309375794728,8.80380457037841,195.699176590374
"80",196.588970338526,8.35800984448457,197.584738529637
"81",196.077288978226,7.83950471193915,199.106778036785
"82",197.890146431066,7.57081956899064,192.770451784152
"83",197.840512786258,7.22120978281015,196.951989063782
"84",193.607759240078,6.8349636925066,193.622553385405
"85",196.287101928106,7.2691690648818,193.814168018343
"86",193.661876311992,7.27428628880206,192.773089997364
"87",193.606952414148,6.89377594241273,192.532634782522
"88",192.725998954396,6.56005111792648,190.718118677812
"89",192.17073156158,6.66923298629799,193.406073677989
"90",191.256709677847,6.42653968985397,192.488409474258
"91",193.223540837242,6.18400352081857,195.884133926983
"92",193.168554364803,7.74802404381804,185.052143887292
"93",193.718735919045,7.96841273256695,193.101353611395
"94",186.662985832112,8.36510505357882,189.971277948731
"95",192.476338478862,7.80896888168454,191.173796346852
"96",190.212781628355,7.40049884321179,189.726761029351
"97",190.885389283352,6.9962335989478,187.852810041121
"98",189.352970831705,6.86771577972073,188.865367414836
"99",188.056321515864,6.56014077760531,185.861478386319
"100",188.265589609133,6.2812897069217,182.992362816369
"101",185.288655272329,6.18483539264816,187.170465972839
"102",183.828983447663,7.32267651276554,181.135196433443
"103",185.964412064959,7.77487399686613,186.759078794041
"104",182.260972905562,7.65674902338593,182.012658306757
"105",185.810794696584,7.20937030185008,187.061992011768
"106",183.023525047759,6.8278833355989,182.668552451275
"107",186.184304099669,6.96869122206153,183.097126366456
"108",182.755267234311,7.43860154915297,180.893926092913
"109",182.657486311747,7.03116990047045,179.098173525788
"110",180.535775579488,6.9721227240864,176.354943929296
"111",178.550527606489,6.76551564182542,182.549269734692
"112",177.594809090375,6.81779203982418,177.590512693524
"113",181.558518326459,6.60514083085864,185.305797821423
"114",179.134569719104,6.31814882115156,176.73055984797
"115",183.591750226733,6.45305796860934,177.28970476149
"116",176.843388830674,7.5347595528411,180.641172092317
"117",177.960998227656,8.94847479297095,181.196558404189
"118",180.753249354691,9.76609854355613,176.521337145556
"119",180.262514152463,9.15571055623755,181.108572344181
"120",177.439784185281,8.49717704956176,180.148261467758
"121",180.917510168896,8.54478744023285,180.522003644556
"122",180.224009903117,8.31152727045602,184.664917718266
"123",181.351586459298,7.7673491480646,182.55470260244
"124",184.243874695101,7.31801354168873,188.444878456888
"125",183.73373777333,7.19279729989174,184.006566527077
"126",187.558216070926,9.81057436803385,188.564778996064
"127",184.919209020874,11.8684433930552,186.35062360938
"128",188.122947918727,11.4398339397075,187.278254998731
"129",186.53714988725,10.4832583976864,184.67322174352
"130",186.758248347689,9.85764430616266,187.308805754717
"131",185.201338545759,9.15554137657626,188.069630590254
"132",187.461970721824,9.27683660209054,188.481428765828
"133",188.152990225369,9.0890545358154,186.520804338731
"134",188.090303880408,10.6891295535867,185.834448581699
"135",186.384533187325,10.3345244660421,186.578126601058
"136",185.984184185571,12.9683477291668,180.140234559356
"137",185.291548192718,11.8588106248148,183.905105550473
"138",180.894208757579,11.347514965331,173.18417309262
"139",181.761919058903,10.4112723153741,183.865446724178
"140",175.321427818932,9.60708084336059,175.487389928089
"141",182.190835364961,9.14587660669047,179.701445518485
"142",176.331201046168,8.48651942155962,175.488659100826
"143",178.859888234953,8.02565554369588,178.000422499452
"144",175.992011780551,7.51871543942607,174.862792522658
"145",177.373896504093,7.6184671678346,176.062968277082
"146",175.103827673543,7.87691061598047,174.822405980666
"147",175.815855817799,7.48975525295171,174.76439700725
"148",174.811804185983,7.14838070206064,171.748893257035
"149",174.162296257207,6.9800614540401,172.8576784844
"150",171.971650302508,7.17447502046425,173.219434932849
"151",172.93102977409,6.96622738522112,170.793102278212
"152",172.735168401921,6.78965882499953,171.218902199375
"153",170.879262262445,8.41645098468472,166.659218478274
"154",170.307965455155,8.00817714965939,174.112284992863
"155",168.150831781192,7.96618950421292,166.374009184573
"156",172.565629831205,9.34518200587536,173.013077285214
"157",167.702822804701,8.65333799779772,167.454791034251
"158",171.902420035021,8.159987534756,173.498818540596
"159",168.66459653552,7.73536477988906,169.686619101348
"160",172.737378652746,8.07375202654911,176.750740028293
"161",171.100443286737,7.6436675779719,174.442082257308
"162",176.290008474096,7.20060382387917,174.498152802566
"163",174.45429636636,8.33609917735569,176.985410738893
"164",174.996604389832,9.04739741991697,178.886357843292
"165",177.366600159773,8.39752349568519,178.350713978726
"166",178.780229070379,8.14167409443619,181.52556910019
"167",178.986685003019,7.62154982656506,180.772864656313
"168",181.376028211415,7.2331014891027,182.688534278414
"169",181.156998580733,6.87366114398128,182.193785039619
"170",182.590584430655,6.69533460606669,181.321681137235
"171",182.020364259142,6.3948547017678,180.631791670581
"172",181.184703243904,6.98095132176387,182.839340959505
"173",181.074301528366,6.64065387101835,183.305319450681
"174",182.93353665774,6.43728709008503,185.723301599557
"175",183.789915880456,6.24703661297232,184.87777421266
"176",185.555196122178,6.31016263171351,185.511541670372
"177",185.005527704203,7.36243412357032,188.412207554212
"178",186.09267484714,7.600786173092,187.801328708212
"179",188.291031785012,7.55801389615673,187.267892301629
"180",187.695641426895,10.2880467081152,192.749262157347
"181",188.365166272773,9.50960322616899,189.835456110043
"182",192.167500947886,10.1698517537838,198.468297467921
"183",191.563024381619,9.5910929997488,188.304597443821
"184",196.436557463101,12.8076728258357,194.535100964433
"185",189.551698147944,11.7297128784765,194.246165503518
"186",194.47831387225,13.7343409340553,196.663171199445
"187",194.730566642704,17.8017098067831,194.635806099865
"188",196.258698179529,16.3574639568463,198.104650919385
"189",195.330575063769,15.0293734307236,196.495635553249
"190",197.783847846158,14.5213688529285,198.560616673488
"191",196.909631777297,14.1046038955924,197.340965461885
"192",198.317686431168,12.8600138245114,198.18090484561
"193",197.50995333863,11.7251056493213,195.662757187771
"194",197.678275314042,10.731574255206,200.09488935427
"195",196.55018362107,10.0258593982202,199.249640056586
"196",199.926839494733,9.27997868636998,192.453701479391
"197",197.891452341147,12.8901982002642,198.925894120524
"198",193.749140007618,12.0956970768142,197.583612121374
"199",198.658437720694,11.207433705373,201.306078667829
"200",198.329105430665,11.0538257861883,200.936219970749
"201",201.233106928413,10.4151200844547,200.317335557679
"202",200.813443088135,10.440268880067,204.775084199636
"203",201.209885286071,10.8265245873679,203.738648371977
"204",204.568797034105,9.94047266620332,206.891814065242
"205",204.37028151063,9.40286083179281,201.909367834317
"206",205.896324819057,10.3868755045516,203.996212370296
"207",202.327736741513,11.2590013102319,202.505411759684
"208",203.699052248173,10.6298893668146,206.516697229492
"209",203.308668853646,9.80378018137612,200.347869262562
"210",205.283931636106,9.4959869456748,201.789679005132
"211",200.637231211076,9.11151026983109,198.400634399538
"212",201.112870084014,8.47178325600288,204.880608734756
"213",199.697629266582,8.38738898816193,201.04533923536
"214",204.114554834877,8.63568039187296,199.929248885766
"215",200.823121165441,8.05047129507865,200.320080887967
"216",200.008415286206,7.57306868126595,198.122033585111
"217",199.881471427396,7.18437018188829,201.080589163838
"218",198.714744700856,8.3325947233034,202.914114074331
"219",201.448294145937,8.5988058659776,204.554252677263
"220",203.243141794917,8.10108068263496,202.169108709822
"221",204.078223883775,7.89732618402091,202.117117838545
"222",202.159710535566,7.72810152128235,200.310391235913
"223",201.756772518019,8.9735901530265,203.697365774567
"224",200.988786143644,8.47129369607575,203.441381666254
"225",203.647168952904,7.96050576550018,203.743502800053
"226",203.502805893014,7.47387063061345,204.613004168029
"227",203.918403073648,7.16119250593597,200.286143607279
"228",203.748632055879,7.04920667269788,205.179171803841
"229",201.265749246591,6.72500924964554,203.690373855829
"230",204.882412214238,6.68222673954971,206.819536698436
"231",204.31720642435,7.18296070333955,200.013032269387
"232",205.459235812626,6.91549042673035,206.810590065288
"233",201.373543828567,7.90134737211358,203.202614313435
"234",206.089994914917,7.53432740579421,204.731009671268
"235",203.509293385002,7.43698784390566,199.195938517299
"236",203.624995440474,7.94416661357537,206.691159272767
"237",200.695982668392,7.44939791796449,200.893137115749
"238",205.532554841363,7.04184372082147,203.728453069452
"239",201.461200306489,6.68790988135803,196.309947732547
"240",202.245752002071,6.50158592346588,199.387118754396
"241",196.926381936917,6.61045039596048,197.204276523441
"242",198.951550308205,7.20985948998549,198.858010178621
"243",197.536023254477,6.84629245277529,194.99233349091
"244",198.085874841079,6.54454317981685,200.212440799984
"245",196.037354952725,6.3191315617669,196.448125191598
"246",199.460577678306,6.07918529157711,198.479280242522
"247",196.855356201783,6.06977531585491,192.965863839608
"248",197.37759696194,5.97404586042728,197.061900073171
"249",193.786071086321,5.79831977436394,184.653221563882
"250",194.581164371314,5.93622681252935,195.822096505829
"251",186.887996552272,9.29831514511677,188.214167137593
"252",194.301510632182,9.4343955693447,193.241835922419
"253",189.220700894558,8.777881758303,190.527119987572
"254",192.69989273545,8.73979595151493,193.173649050486
"255",191.057425800155,8.14602912763606,190.42240507103
"256",192.624400254595,9.15273835306329,193.306685990119
"257",191.000261254848,8.54989252119887,194.586975407801
"258",193.563743873656,8.44128395050632,189.436722621414
"259",193.557924850523,7.98383249702766,195.630726091782
"260",190.676523315488,7.74067828128142,189.411668865699
"261",194.387914646566,9.63399134760623,187.984012772527
"262",189.127137647065,10.4947057424022,186.457895591632
"263",187.679789336348,11.2833648690468,185.996439113154
"264",186.366604295936,10.8230466537669,190.021463491025
"265",186.802443988728,11.5000597903849,185.589441709064
"266",189.136059134633,11.0189735643183,184.486373822943
"267",185.36982813184,10.273350249759,192.662326522454
"268",186.122564362845,9.4602471791205,184.080335256681
"269",190.946928269299,9.11388062532392,195.945023121783
"270",186.454272829701,8.52490965045301,188.561180942347
"271",194.469254685896,8.5821715658831,199.348688030032
"272",190.719682359884,8.46036664867943,193.457571551572
"273",198.17146473434,8.67271951671755,192.460373074711
"274",193.2591318562,8.4041331491731,196.611950078916
"275",193.291688475552,8.49420761870699,197.418764809942
"276",196.774313025121,7.92675734453631,194.070426359858
"277",196.750097119925,7.82347214157727,196.350933177516
"278",194.52752772339,7.71200085569868,189.777585399713
"279",195.037263621956,7.61162446561118,191.808013313335
"280",190.184670982438,8.86134358244668,190.477949187973
"281",191.543000488263,9.15781241836314,192.396063148547
"282",190.862571980088,8.57825186517024,188.650608035419
"283",191.647972125922,8.05000278459692,189.526411177493
"284",188.826768663834,7.86568993652435,190.311822623114
"285",189.684493466618,7.39217716611916,190.508294048445
"286",190.352116908181,7.12677272261692,188.926347182601
"287",190.192904675276,6.76812051048152,188.886583825835
"288",188.919394511248,6.54250720359584,186.563564516178
"289",188.422979963903,6.62038873848188,185.505249628152
"290",186.352901538572,6.35971826259299,189.860846879442
"291",186.37736907841,6.58441883745818,181.982811888798
"292",188.286239881314,6.88456094254419,189.529525862681
"293",183.493154683575,6.6362986094142,183.222789488097
"294",188.269178587764,6.36824498643083,185.500734424643
"295",183.679378475406,7.79309935160842,183.727120336762
"296",185.147011607067,7.32155894662118,183.582087396644
"297",183.699113748739,8.2044426592771,181.517801039862
"298",183.170230125287,10.5169366346566,180.185534942988
"299",181.252347820487,10.5754620725371,180.932906556875
"300",180.336009265765,9.80904979912641,179.483158835939
"301",180.643957012687,9.35431711882556,186.938622799244
"302",180.9752516286,8.86556265393559,179.122377847418
"303",185.376373808879,9.67367563384183,186.574029313018
"304",180.613708140538,9.69218262707848,183.016162174249
"305",185.863455885264,9.02778948964614,181.707639035354
"306",182.75545754647,10.6365069315943,179.461323361136
"307",181.25937590051,10.2874158854731,183.577737313898
"308",180.285606151689,9.67215991508404,183.11788921193
"309",183.486767693505,8.93969129059078,180.463895090896
"310",182.588090387723,8.58319687583147,174.529439315846
"311",179.278003935886,8.01140023711518,182.48659736142
"312",176.121870924961,7.53731886578631,176.42424422344
"313",181.275126733824,7.18209963320984,181.465732826219
"314",177.433541943996,6.8570080301673,173.826056620467
"315",179.938797585069,6.92895356884564,178.36198545042
"316",174.734242386457,6.77313029890079,176.383084859326
"317",177.967205332201,6.89652850431805,177.210192002182
"318",176.549506287897,6.57955512462496,177.32556279509
"319",177.234266160763,6.41730579554488,174.225732503921
"320",176.706596736857,6.1991403944883,176.712377457474
"321",174.724061494632,6.09115558482306,178.656875410977
"322",177.102277048175,5.8944102347571,183.202094631135
"323",179.566919255009,6.34470394079989,180.497478504618
"324",182.662171405831,7.74406627176402,178.105437253199
"325",180.020070254335,7.28656480715448,180.154203296007
"326",178.516190461761,9.16148837003225,180.147301220772
"327",180.15382288096,8.49754479908879,177.652298908012
"328",179.64930075822,8.44847718083027,178.822584401449
"329",177.8873560067,7.90755523249415,179.442189997071
"330",178.947505520573,7.57318566539742,183.007353030906
"331",180.156222603838,7.13843770482157,181.950149224376
"332",182.7969122696,7.83742829130648,184.2274641608
"333",182.406612211661,7.93365404774074,182.859982374269
"334",183.954967803494,7.51063610125301,183.972494916569
"335",183.083484882729,7.08165051203269,179.897895585544
"336",183.158575050364,8.28855528166328,182.873751860652
"337",180.494066840566,9.12243632106573,175.450560060133
"338",181.390113500548,8.90799303004562,178.375472740648
"339",176.036542596236,8.27953220514877,180.569880401349
"340",178.815354272788,8.19833365941798,175.807244597996
"341",179.618353240678,7.73798537693852,184.843061551006
"342",177.615407988598,7.27612319816096,178.111784489059
"343",183.497806138616,7.02972610061452,181.802254027592
"344",178.850878396766,7.06670108272407,182.003273146703
"345",181.843457851414,6.71785970197781,183.460570564458
"346",182.295732630254,7.1911844506318,181.122535130181
"347",182.993963477602,7.55391305777378,180.464275689332
"348",180.991883242011,7.13998375289503,176.765174030928
"349",179.725455357651,6.95291782225708,180.69918560031
"350",177.552976344804,7.26873886699586,176.85675251009
"351",179.931698982266,6.95749137598474,184.15512425571
"352",178.317426859214,8.17816833451078,179.709068820551
"353",183.266913168678,8.18952807864596,180.711792973841
"354",179.910613651209,7.78788026219726,181.340937235922
"355",180.838621826257,8.04070410176697,177.893201765584
"356",180.652390141854,7.99289270466234,177.554386488407
"357",177.826438710149,7.99911529103797,180.159933944704
"358",178.076495979667,7.94642698309067,183.621270864814
"359",180.853201328726,7.45367367576411,181.270817543817
"360",183.152180200614,7.64564878950418,180.421704861961
"361",181.101995007446,7.27043599867895,182.106646196126
"362",180.759693128794,7.22295888953994,180.143172199534
"363",181.714951396807,7.01459006779058,183.055595956881
"364",180.726656951003,9.07104702758403,184.242951768335
"365",183.294067119172,8.42137099294926,180.602299311933
"366",183.515821277055,8.16496197625255,181.588077494107
"367",180.800454948368,8.99570745839991,185.592603195084
"368",182.389982634302,10.5232267330576,181.743447162178
"369",184.823771988503,11.5758819007817,190.367962799259
"370",183.469350289594,13.2437749000606,181.080727460535
"371",188.511515731515,12.2290194782408,189.700255699095
"372",182.805633108247,11.4590834101547,183.38614989936
"373",188.438434539148,11.1154253369172,186.26598204517
"374",183.963116328522,12.3163045254338,187.441637087858
"375",186.502113053708,11.2435113956287,186.923827238954
"376",187.339075118077,11.1851704302009,184.031373871202
"377",186.346336565404,10.8241030979336,183.583728849528
"378",183.942844866867,12.486597001667,185.226381748178
"379",183.913259429258,12.0643492740526,190.711145901602
"380",186.324334578863,13.2126939576587,190.476082762983
"381",190.665133273878,12.0295834953749,190.545701165039
"382",190.491006443394,11.6396864983853,192.448557665117
"383",190.927272465055,10.6685661087933,188.045717197324
"384",191.568989571558,10.5445567813949,192.665883938222
"385",188.970750545504,9.75171573076337,192.323055538964
"386",192.59831825837,9.20013586635831,193.592721322358
"387",192.577988695643,8.5711096155685,185.749335701515
"388",192.025044198189,8.60024369800999,192.250573756637
"389",187.050583312539,8.10330924388121,188.483710454036
"390",191.498201096117,8.33206599932349,194.134297011021
"391",189.614827765433,9.45737035168818,190.961374363659
"392",193.500712481549,9.3409891657961,193.702785694142
"393",191.510656629756,8.67417888282791,194.985222639639
"394",193.960273083241,8.45672032935821,194.514869870582
"395",194.892152085828,9.30743752216651,195.514265081079
"396",194.715748912682,9.11700751428131,195.949165316677
"397",195.602245128199,8.51317937795084,197.641552974814
"398",196.288642848305,8.00758492473863,198.507445000065
"399",197.815731379864,7.6097389946162,196.598900291315
"400",198.126736058315,7.53617148946291,195.968540197531
"401",196.473828272558,8.64818706240091,194.043920045228
"402",195.58461616707,8.12097094089001,194.725292539088
"403",194.181194544,8.58224085052609,192.467857119218
"404",194.274805455114,8.05144320099953,197.146973382103
"405",193.404680371795,7.75528345211829,194.693997992808
"406",196.657378304244,7.3348003003089,197.664129708258
"407",195.289024335898,7.87591637530523,195.455718252326
"408",197.223447417071,8.2268231295168,199.900838096439
"409",196.345742221149,8.08617677599109,191.297977864175
"410",198.181266049986,7.60107450900022,202.047445290631
"411",193.448871349466,7.16652595702075,195.279385530702
"412",200.694833338645,7.32717346499236,194.868836561902
"413",195.198275736942,7.85408843204902,193.223369342069
"414",194.540743117935,7.90379690044973,201.270723632303
"415",194.833840200116,7.73991937536933,195.619522304483
"416",200.141483366739,8.37749859779134,196.82342993423
"417",195.861303830433,10.9865992554635,195.518945312954
"418",196.563533009975,11.0829995543548,199.647730152593
"419",196.345702280882,10.8202533654135,192.915923649754
"420",198.302368852025,9.94911593076853,202.688363769343
"421",194.871411673672,9.64479623848308,197.791885193609
"422",201.710068054196,9.35874368862415,199.912205145362
"423",198.216949183959,9.35800561167561,195.32341165994
"424",198.995446448278,9.22952701055177,198.574998878607
"425",195.974729103674,9.70290578713492,194.470155147645
"426",197.755030132415,9.03878601753762,193.093861061848
"427",194.195896330486,8.38807100420783,191.853394029981
"428",192.846767655475,7.82867444570137,188.228909999462
"429",191.129497223877,9.43181834029324,195.633515205496
"430",189.710831040669,9.34919912521318,185.037039415911
"431",193.515220047579,9.02001280616688,191.144523987332
"432",186.259536330195,8.61731705325858,190.407667034872
"433",190.99815259684,9.03584353107694,196.238159608324
"434",191.574765549562,8.4385518998335,189.231633439715
"435",194.837854374602,7.97871269323871,191.953491072688
"436",189.77700496631,7.77550708965495,191.149133983873
"437",191.793619654925,8.32014447860083,193.763874621961
"438",191.673082111491,7.77338205993022,191.732974275678
"439",193.358694552704,8.08260128393307,192.928550327025
"440",191.973089485947,8.24719601211453,192.199917919326
"441",192.783823845485,7.71031038875679,194.633909730656
"442",192.687716281592,8.31063830154063,195.011764777007
"443",194.710480739926,8.32894170678425,194.148459695013
"444",194.840103760608,7.78737679995394,192.499719635666
"445",193.819711683144,7.52940178701229,194.142204716252
"446",192.829216651783,8.33598571716051,189.66140714534
"447",193.247045202069,7.79878648866516,194.248998909687
"448",190.579925498209,7.59551289258172,191.313288692829
"449",193.662856866315,7.90857436302845,194.368957347553
"450",191.925422423774,8.68488512698774,192.167460639618
"451",193.929658005966,8.67147979359422,192.517385940986
"452",192.238445699892,8.7159032361774,193.190547513941
"453",192.653018255577,8.25737390654585,188.67227272614
"454",192.287892556381,7.79251642681195,191.72207361877
"455",189.283232904666,8.45011595895209,190.453694236817
"456",191.469397742379,8.09243974489964,187.393017640008
"457",189.842558917455,7.81081889430962,186.723065079321
"458",187.260027127871,8.51408062463098,187.696918806317
"459",186.91883582472,8.85139157219427,189.485582959495
"460",188.055651636952,9.58921127487263,182.655719750059
"461",188.120610317608,9.04469314054186,187.84625848113
"462",183.694827496273,8.80990479973232,188.71862303066
"463",188.021731391036,8.21293254430998,185.183502019908
"464",188.01259882851,7.83517180609008,188.675836658972
"465",185.882968947721,7.35638343352354,184.696724412078
"466",187.881014209593,7.38783118540575,181.353732945549
"467",184.029126118772,7.16508611306909,184.168102959884
"468",181.917606948416,6.91843993764169,179.866527259942
"469",183.308787819896,6.65775748300029,186.87631261995
"470",181.269484331944,6.43031136543656,181.408936703228
"471",185.783837436605,6.30167931247621,191.05353045423
"472",183.338855453428,6.06650149509226,185.020583073797
"473",189.847940978143,6.00414796175835,194.090346377928
"474",186.835535734623,5.82322950361851,185.903330578577
"475",192.453943218058,6.11836597499662,193.680396594819
"476",187.459743781825,7.21254816718073,184.317832869457
"477",191.808883849747,7.00301722493698,184.055856209944
"478",184.266437537555,6.66900338274764,179.802794130848
"479",183.206243794125,6.80226078728128,178.980813188821
"480",179.639397942443,6.77122273904531,181.946792295809
"481",179.575009010219,6.51618162658121,177.158984231974
"482",180.990230683042,7.14369265398171,183.389764909391
"483",178.406140367457,6.8312403815862,175.98162839801
"484",181.909137607115,7.91722004781047,180.143047595665
"485",176.814912237541,7.52236657423517,180.0657726335
"486",180.128592603232,8.42888472007467,179.934707591362
"487",180.040559625073,7.88273079758174,183.008522887382
"488",180.550470650566,8.16508790780811,181.464393627739
"489",182.700697035454,7.71124326456499,179.559534014304
"490",181.084421705052,7.40099599564267,181.236735111104
"491",179.895974233664,8.05084545202745,183.471703796289
"492",181.684728848141,8.19029423427794,182.262538961602
"493",183.230870829351,7.70945485091092,181.041379523756
"494",182.019307074033,7.27741002726549,179.290577172959
"495",180.692219053596,7.14789467364665,179.844228147649
"496",179.402307367897,7.13969851094246,179.025884561108
"497",179.681559430341,7.62358589546378,181.645990169168
"498",179.55090568272,7.43873351596967,177.772730722726
"499",180.87233827988,8.95213056747505,177.103537723442
"500",177.639892122869,8.32470031338562,179.618658504411
"501",177.607561879636,8.57778677642461,183.198199462468
"502",180.335566696022,8.02209474027403,180.426716223097
"503",182.644902814593,7.77277713956494,184.817399939883
"504",181.305852966454,7.32308496434541,180.555116566847
"505",183.965943265276,8.1432518956643,178.274218142205
"506",180.099936881918,9.75658812597794,184.422886780874
"507",179.504951869939,9.36761779388691,176.025570557941
"508",182.744423536287,9.11101628274909,184.030541903559
"509",177.627564827065,8.93216531888611,178.35591131988
"510",182.896615786823,8.51764082719959,178.401567099698
"511",178.366042475844,7.97390426068802,178.853888782167
"512",178.493031436192,7.65823242015746,176.802306063202
"513",178.444572238374,7.20681631614411,179.57906466332
"514",177.358657783226,7.15744225898616,178.896232400447
"515",179.443498210746,7.32348048090897,181.526697808046
"516",179.423325481967,9.20494585917256,184.087860134592
"517",182.039930273355,9.14645288657217,186.853477666306
"518",184.641983640935,8.49242483790061,185.820697708493
"519",186.647921674743,8.40751564493371,190.16510876184
"520",186.690579919162,7.97737454912979,186.428402671551
"521",189.418767543782,7.86739804771358,187.624006415506
"522",186.668523420342,7.73212265633195,188.704328177884
"523",187.841070767981,7.41551269417082,186.089846755506
"524",188.182431893408,7.62451826287451,181.811982318808
"525",185.235273868166,8.09643866921867,188.437277481388
"526",183.138041351324,8.67859420973432,178.926359216625
"527",186.536093828435,8.81834813196403,187.180092885763
"528",180.578105950453,8.60524300556095,180.074468423409
"529",185.759967993292,8.04113725760877,183.586701366376
"530",180.777915012002,8.46099310270747,185.089510161929
"531",183.888263125487,10.6591335873452,180.864820736444
"532",184.245572276832,10.5938370365418,186.132047357305
"533",181.919266060616,10.2860360731728,183.755356278438
"534",185.657709141532,9.55511468224571,181.87308079604
"535",183.379901181959,9.29610658256187,183.216722584671
"536",182.142809153766,9.21058854009881,188.14873815058
"537",184.204125697853,8.99673799094041,181.662841809456
"538",186.852558882355,8.48773254578655,187.917433463919
"539",182.914760140349,8.12959496399505,184.546822005195
"540",187.244311172174,8.87101754684876,186.034481755832
"541",184.845353955322,8.34515272592078,182.880051280241
"542",185.404595660713,7.84433346515193,184.388836327477
"543",183.182808289688,8.19695260208547,178.84658831975
"544",183.281386725932,7.68808212642892,179.08525925837
"545",178.895322507474,10.4392424149919,176.724371636579
"546",178.614081734012,11.4002038119729,174.341297420684
"547",176.2487567934,14.1580517170517,176.473313352823
"548",174.768700607112,12.9753682014852,175.966897346739
"549",176.373030151606,13.0060579142594,175.633243123759
"550",175.901166502143,12.6376564076265,177.563480785975
"551",176.020290656202,13.2132554839897,174.543069840236
"552",176.960398596827,12.0298009597237,177.780033471954
"553",175.19146256658,11.8556606831394,173.250075702151
"554",176.875041917994,11.9011782162769,182.97010868013
"555",175.195082297747,10.9281986146376,173.837782437803
"556",181.144643431665,10.1098531784184,178.556029100723
"557",174.782431770387,9.78645857151248,171.917072236705
"558",177.22923772792,9.14358520896731,174.855137505004
"559",172.505685290365,10.1747840142467,176.148306303767
"560",175.114771264757,10.1118041486467,171.55250718739
"561",175.230146480492,9.75509817482319,173.601653301113
"562",171.963336410135,9.96875564209297,174.943793102991
"563",173.871081261489,13.8792696986816,170.047807572264
"564",173.965595996845,12.817638727182,169.575216288973
"565",169.954289315606,11.8606830731198,166.514860277453
"566",168.964145086669,10.8544581751358,171.757815762701
"567",167.564451374503,10.1203274797783,167.828939088403
"568",170.973040427842,9.32565910539303,167.418663350517
"569",167.747883940826,8.67631207212539,170.296255435076
"570",167.995181767429,8.1037529492552,165.077555013526
"571",169.253515350766,7.69159164655272,170.254669741113
"572",166.113977959044,7.67963576359007,169.366596603801
"573",170.078055113651,7.28533348595502,167.555136380764
"574",169.005304559193,7.61968910363683,168.188521933361
"575",167.682813491283,8.84038546007435,162.194322430666
"576",166.990682032822,9.09560255187822,164.279014142121
"577",162.612260772957,8.48413088904768,166.858508507157
"578",164.795913015128,8.80772933994059,164.567461781775
"579",166.401299162081,8.81600089495778,169.217843109197
"580",165.49853804726,9.62211070214016,166.323855691111
"581",168.64004562558,10.854422800396,166.663491857878
"582",166.392782924464,11.0107977343737,164.967028586603
"583",166.325199203623,10.1343499857345,166.721132572815
"584",165.318849383845,9.36673571940914,165.018223094336
"585",166.381550677119,9.92843514655081,165.728323330006
"586",165.16124314147,9.24418268233526,166.402755923423
"587",165.86420984869,9.3350049336925,167.417753579362
"588",166.606755454611,10.4549488685207,164.243176441741
"589",166.783838151838,10.0487785691911,161.29271790664
"590",163.654084734721,9.27547343270481,163.202951376692
"591",161.675764600651,10.076714624771,160.782664603047
"592",162.719894021963,9.91694931188851,168.051020229983
"593",162.237335728434,11.7780787880573,159.430897011236
"594",166.327995586234,12.039423398034,160.448461251413
"595",159.635409859271,10.999221107632,164.559238300052
"596",161.271616661141,10.0901436165338,163.04751298689
"597",164.25789323742,10.9845995626234,163.352217575506
"598",163.109453904613,10.3041276330407,164.635081689209
"599",163.609790398247,9.67229476275616,169.406536535479
"600",165.590372658463,9.2259401070991,169.382019110079
"601",169.402633050399,9.50230448674698,169.824868010017
"602",169.471588890067,8.79248246430691,167.393987518989
"603",169.339691911811,9.56835845237793,168.572859660255
"604",167.630761947242,8.84550843704456,170.653785508839
"605",168.990044829972,8.23844136291885,170.321149385932
"606",170.588258284258,7.80226973654223,171.677509365841
"607",170.593421381914,8.67446822540834,166.891910452123
"608",170.721389583097,8.21846489898122,173.728550407884
"609",168.260238443275,7.69858421324323,168.714316321335
"610",172.726703590574,7.24552315706787,171.48410263483
"611",169.269273584034,7.02341716150998,168.994933292348
"612",170.987268766334,6.67046358271866,174.682205276845
"613",170.133387689247,6.42916352807254,169.854738260249
"614",173.717711873525,6.44518333686122,170.731015893508
"615",170.030993786901,7.40759728487929,170.285018262737
"616",170.642816367354,7.59831393730399,173.977128069214
"617",171.024440224032,7.68691950664919,169.581588897085
"618",173.099020234788,7.23109819521266,173.54891676418
"619",170.376054470504,6.88128840493289,166.693120996043
"620",172.178757610553,6.65016120477299,171.454182784437
"621",167.646333353722,6.4118799236081,172.354750765852
"622",171.63529638072,6.20485771916189,172.877797295996
"623",172.460360071881,6.05408687837492,173.93042901675
"624",173.089323640147,5.86199739737953,173.979130655891
"625",173.941169344578,5.70003923699605,170.279433910085
"626",173.24019130673,5.57637629119096,170.301316218964
"627",170.284810371861,6.73631124073521,170.988854382803
"628",170.439823851732,6.45328447802047,165.269251244387
"629",169.84593375512,6.22099774731912,167.3625175624
"630",165.688904507989,6.11052919516835,163.125126834313
"631",166.516039416782,6.33376661632178,167.534087391581
"632",164.007918945767,6.47742412673412,167.519161851518
"633",167.532102283569,6.61576490320957,169.271813903425
"634",167.870692261899,7.63258814575532,167.886408125683
"635",168.995732747876,8.03442156703866,169.569395960581
"636",168.224005692663,7.94867135774401,168.203450960915
"637",169.297206960648,8.2674793538355,164.706585225728
"638",167.505077813877,8.13586578028975,165.321040758926
"639",164.830476332368,8.52741645248981,165.976542429503
"640",165.453141093042,7.95691688876267,167.702180835662
"641",166.322670110735,7.47193120267463,165.893316795367
"642",167.341408027603,7.04960256635675,167.618315611695
"643",166.239316558633,7.07490649238557,169.214967583846
"644",167.938646006126,6.71947884602307,170.008445533102
"645",169.374663173697,6.42181040708293,168.945368301729
"646",169.796830086828,6.62493359386596,172.242541817558
"647",169.605803004894,7.03439694942177,168.455813999069
"648",171.48619625386,6.68327708151335,170.951575752338
"649",168.955966349723,6.5163636037002,164.275702871389
"650",169.617401176149,6.24822900250235,169.4068649764
"651",165.302935292392,6.93971829448498,165.330467479615
"652",168.592585477043,6.6172780699087,167.685352782468
"653",165.802444540186,7.00355243053204,165.133439607236
"654",167.175970147421,6.66585526403157,164.729234385861
"655",165.053598562961,7.06551993668152,164.590355646768
"656",164.702458638043,7.68689325102436,159.961649245961
"657",163.665614366607,8.04640805335116,158.277182339779
"658",159.625755864725,7.79929385172153,156.164252032153
"659",157.855596278254,7.52683853965153,159.988767806349
"660",156.930155186993,7.1154256805062,155.984779862371
"661",159.188970217553,10.2222601280478,162.11099411818
"662",157.211022713533,9.78067597304724,154.678531970847
"663",160.625501688714,9.27383483933321,157.583001087489
"664",155.260425794176,8.69660750555392,155.00954020675
"665",157.069308911341,8.25646682945388,153.815571983307
"666",154.771746562062,8.69057944466584,159.010982336476
"667",154.855654053941,9.72346862013247,154.84833489166
"668",158.179452847513,9.25395816859414,160.406871800495
"669",155.961042273427,8.77490395671746,159.374086247641
"670",160.201314689924,9.26443324550455,162.784284728638
"671",160.05712594384,11.1799953141546,165.623799664324
"672",163.353187715776,10.8529712712507,165.318143277472
"673",165.563668386954,10.3651053581034,170.905579702412
"674",166.43663056246,10.3984312447503,167.625160829269
"675",170.250495927784,11.6879493554327,173.504443938431
"676",168.802017451101,12.3073877934104,169.657997164352
"677",172.736154583615,11.4299348353409,174.407995345047
"678",170.608996800491,11.2810251652535,169.302736803399
"679",173.387943636717,10.6309109772757,166.950081706087
"680",168.833205783936,11.4440343874584,168.495971151528
"681",167.260259595175,10.4822051537662,165.323707484115
"682",167.862518418045,9.63865957424425,162.124258128876
"683",164.684817613067,8.91046967183743,161.981049794219
"684",162.096616461945,8.44252650118071,163.411904344627
"685",162.268220704301,7.92647649193433,155.570232773142
"686",161.84457003033,7.75999344773381,162.088557092797
"687",156.874897637073,7.91074398947247,159.605533701702
"688",161.592952414578,8.31863682315434,161.962785281054
"689",160.077984017572,7.90536217329049,157.403318701817
"690",161.051891965207,9.11303514142533,164.546351951519
"691",158.832925351758,8.45365695345972,160.054840389965
"692",163.649049639209,7.95138649754096,163.320321163108
"693",160.708936544594,9.22903156427869,157.294647507832
"694",162.116186432053,11.2295745732513,161.196271636258
"695",158.075972333517,10.9001254410131,159.130825060597
"696",160.784182321125,10.0529402991381,161.706529467755
"697",159.646965942028,9.34425010822451,162.14738372146
"698",161.795700318496,8.74606378029418,161.433093276927
"699",162.005525632553,8.19805092956434,162.594021865044
"700",161.66627899455,8.71980669468079,161.982426054356
"701",162.472702702906,8.25565771002466,160.378410712971
"702",161.662622986079,7.718577344073,161.754758685763
"703",160.654680307529,7.28266308265572,162.650192770186
"704",161.934845502648,7.60094292054186,162.32786722371
"705",162.586727660891,9.01590337424882,158.507029738642
"706",161.564699726697,8.73197604069052,158.121257926958
"707",158.430875376305,8.53814111840356,158.421163474987
"708",158.182239036564,8.12403252161607,160.454670455312
"709",158.828864871052,7.61211508595657,158.213348833093
"710",160.007406130868,8.6136867323228,162.641935449466
"711",159.100066156368,8.15846107542132,156.560410216755
"712",161.426630402924,9.08082765386315,164.668226852518
"713",158.182973543907,9.68759006764026,154.68323153263
"714",162.67222778854,10.2397953522404,160.429427814387
"715",155.833470788981,9.43747569354538,156.467590817889
"716",159.638060415087,11.1808803363297,164.068674228389
"717",157.988807499989,10.6822262448474,160.328920142208
"718",163.321723411153,9.92143669557685,162.576571765293
"719",160.779450466825,9.17244502121712,160.713732195761
"720",162.205003851386,8.51281719415498,160.53132374352
"721",160.678250505313,8.76851632761025,157.310469152238
"722",159.888152825263,8.32414481896082,161.173136577128
"723",158.084002637216,9.00007004142299,160.361134296861
"724",161.011736121075,8.83793573934882,161.018024762261
"725",160.493512389941,8.41405493178487,160.296437995598
"726",160.874707408928,8.55854031194034,160.372423544388
"727",160.312635105356,8.3705529906588,162.958285976819
"728",160.890596030874,8.43200884057178,153.357901650596
"729",161.039209111575,8.39356156883621,160.900751677525
"730",154.867471655982,7.8672851867708,154.949803150434
"731",159.711561972107,7.42074249157476,161.321596469434
"732",156.225161814234,7.00385624394458,160.457467836238
"733",161.149770742795,6.97242125478597,163.455781957788
"734",161.058130660548,7.45774174669435,162.485756461677
"735",163.262776858566,7.08425599509091,166.024611020151
"736",163.194527373372,6.73230835447333,162.762450303316
"737",165.373178876784,6.5732077274037,164.801471329803
"738",163.171254508613,6.33891252303642,159.091963973544
"739",163.660569858551,6.11680362493169,165.049414527531
"740",160.284454084341,5.91058461337955,160.784800872276
"741",164.19749179648,6.09242897114809,163.492293569026
"742",161.327299411626,6.4261089232589,164.458605069253
"743",163.686555869071,6.35967080034899,166.229305042377
"744",164.813745063878,6.61459630298282,168.30347290683
"745",166.645138615267,6.39477180621414,167.407968159281
"746",168.12537195732,6.14946113634055,166.14281252883
"747",167.155937033191,6.26876680403749,171.978295289302
"748",167.310909080924,6.05478648768422,166.349825287689
"749",170.853601288979,5.8632040838313,166.21352567187
"750",166.323565364525,5.73225429065535,167.571201394962
"751",166.486060816488,5.59371621689484,167.02075309301
"752",167.462111734572,5.96008956399139,165.318786720441
"753",166.681359818496,5.93565215087114,160.215713310935
"754",164.29917203854,5.80324963405972,165.864755010026
"755",161.346521650753,6.32920429360627,159.27278995936
"756",164.547361999892,6.10035610815436,164.563246876604
"757",160.331881342809,7.57779700507584,158.354373464067
"758",163.322472194097,7.56737904027827,163.540774818484
"759",159.392653734951,7.22516189074308,156.513696282833
"760",162.136359111354,6.84213012609446,160.475854961896
"761",157.307128018646,6.53319837632051,158.362752614954
"762",160.054234492508,6.25714262590859,157.471782563346
"763",158.185558604632,6.04768058918944,163.283269728705
"764",158.635079996418,6.13133164896607,159.536951920964
"765",162.535006167157,6.95925472088263,160.31939597923
"766",159.694440732617,6.79218345996709,155.375995922315
"767",159.331715967847,6.93251426027921,159.054928715593
"768",156.11278248097,6.88285151185356,151.348524798277
"769",157.514647932129,6.55735313344263,155.41120277735
"770",152.162060394091,6.42230975860686,151.830407573798
"771",154.69604373664,6.19272241922418,154.193338292917
"772",152.303993717622,6.47346887808888,156.367576774725
"773",154.629185989279,6.37629464594028,156.349226458891
"774",156.364906711558,6.64353652354169,155.945885827905
"775",156.269558332694,7.85884183009221,151.995764687358
"776",155.156861599795,7.66790240814426,152.179490672553
"777",152.033509884397,8.111028263367,148.31401321755
"778",151.407395181552,7.79754314315156,146.183235412628
"779",147.888857656565,7.35819885861983,147.938873942505
"780",146.535363118603,7.0755289625008,147.979661185639
"781",147.948031391132,6.72355774906155,150.497352783332
"782",148.484199505177,6.67465153018724,146.106201358899
"783",149.620122498446,6.38537766385734,148.242636142258
"784",146.53448831557,6.32558871628234,147.586305152421
"785",148.11236994429,6.6095425452855,146.640706472465
"786",147.39818541643,8.16555327962052,145.958329088011
"787",146.505230995574,7.9123427625382,144.852917574363
"788",145.738246785281,8.33394916419582,148.759566957897
"789",145.63524745107,7.89290105085605,146.867906011797
"790",148.382234768677,8.10074880202443,147.055563626037
"791",146.906437534645,7.95949913067124,149.838322475173
"792",147.613115395864,7.46741423992339,147.92649579847
"793",149.456957139833,7.11329580216666,149.78647095428
"794",148.299490829632,6.83930888460642,148.406583122831
"795",149.51149338799,6.57641244656644,152.980334107464
"796",149.322333319758,6.29485798477168,148.353963983671
"797",152.056060082706,6.14051612594278,152.974275833216
"798",149.27902635358,6.41115992449612,148.866071762598
"799",152.153635019093,6.18490077790296,151.749199589154
"800",149.443697327909,8.26372957741162,150.806196491563
"801",151.561598969636,8.24913163039133,154.559702957045
"802",151.557897784659,7.71013341419022,152.458179437585
"803",154.140398253153,7.94063070992269,155.036527283838
"804",152.974849006836,7.5936266775184,151.350912212461
"805",154.300404269562,7.15835409755642,154.174422110265
"806",151.916614192022,7.35711577051585,154.823375468752
"807",154.305212781963,8.8673789970661,156.253636725031
"808",155.110427720008,8.41068660370829,153.061113954389
"809",155.616132170903,8.34628654885765,154.34053437281
"810",153.317998038073,8.80863607931863,160.484572079046
"811",155.570341914057,9.22314157052953,155.66408352445
"812",159.521474368127,9.23992138220835,155.996384556917
"813",155.731543730944,8.69308310302458,151.155219310041
"814",155.029151507542,8.80193382106233,157.808198072339
"815",152.4868150625,8.21736038052794,152.199824922027
"816",156.687523442277,8.54485031455553,155.022127711128
"817",152.765285479847,8.03353198359071,154.468055071925
"818",154.912313183287,7.6195270300506,156.426159938977
"819",154.860676045335,7.31775184774271,157.398288115497
"820",156.621585574281,7.33084851552961,161.336794627901
"821",158.186989417978,7.70670855379986,154.321277824206
"822",159.934691267162,7.69080815537211,163.831355957798
"823",156.224293450924,8.62889209152689,161.873185172539
"824",163.440721800747,8.11129305498648,159.245442772759
"825",161.348636692583,7.77422635441656,161.271479777301
"826",159.651650173667,7.44594421672169,158.556084878396
"827",160.72940079752,8.37457680199261,158.527395287266
"828",158.55134696017,7.82572164947688,160.535066616617
"829",158.929929553137,7.436286018631,155.379598546242
"830",159.504973002542,7.1002164568149,158.379752565926
"831",155.980629350179,7.56543845811776,152.650660442864
"832",157.234934141314,7.36564920314212,156.012031764865
"833",153.323934707264,7.46185201962206,148.997072874635
"834",154.610039986819,8.33388412777988,154.307413542114
"835",150.06014100813,8.19730117480331,155.05011273663
"836",154.456953381017,7.67711268240966,158.72292697682
"837",155.785675584668,7.41042869298969,149.536327297041
"838",156.886607040864,7.1674164901585,154.98663538716
"839",150.627388915065,9.02990363341085,149.034404873618
"840",153.797189284452,9.151592045259,154.807370387604
"841",150.189997976415,10.0816769613475,151.973844866488
"842",154.24166528338,9.44383069493922,153.201092626167
"843",152.220294418423,9.61208574463365,145.529635799096
"844",151.667801260753,8.88444647813565,152.125172080886
"845",146.849743055454,8.26322892341305,144.004274996872
"846",150.501992664083,7.84150212168129,154.761089570095
"847",146.156637911517,7.93658086380731,146.780680884471
"848",153.16600783297,7.54773528146717,156.874800461602
"849",148.800504799897,7.16869901133127,146.054227811593
"850",154.7116859316,6.79612722119157,155.532363097178
"851",147.95085486871,8.75363939135213,147.370028665269
"852",153.900896210797,9.68101726941119,153.359905992843
"853",148.569004130784,9.37107964356055,147.014670210172
"854",152.091858836309,9.30753303961161,151.525344503182
"855",147.917805068774,9.95061907494904,141.84091831182
"856",149.589459264909,9.24015256796974,146.905823475073
"857",142.85489934447,8.5697515141246,148.812424200257
"858",147.28814362011,8.0902838375111,148.362918320526
"859",148.723523024311,7.66568253319769,147.406676632478
"860",148.172669982917,7.23373335931952,148.127537204232
"861",147.551848746829,7.70830365793203,142.301088185297
"862",146.963247400445,7.77823448345118,153.043014509385
"863",144.450473450115,8.83314942251647,142.261295711401
"864",150.887670749789,8.32931921896674,154.043259216042
"865",144.618688412329,7.78194038687162,144.038790369436
"866",152.043365446721,7.89031823276196,151.936333671593
"867",145.619299029868,8.28144497507268,148.984086327229
"868",151.34688420272,8.05763374232234,153.353463891047
"869",149.858961839993,8.10137945754578,151.890622698114
"870",153.06189565246,8.04770323109828,156.33900661168
"871",152.781299480827,8.5214863048011,150.279984701793
"872",155.128202229703,7.97682214204195,158.754322362894
"873",151.975852234013,7.51772889909158,152.851421417622
"874",157.574742173839,7.54928636191179,157.100359419934
"875",153.702209018084,7.28208343009885,158.377407515339
"876",157.356769039015,6.88651773571034,159.301606421818
"877",158.563247296635,6.63116784967336,158.934603639307
"878",159.229205865315,6.36931853059115,157.581547816829
"879",158.664992474811,6.21441778249252,158.512606484701
"880",157.768759550403,5.99147246020664,157.530241205755
"881",158.317133428911,6.17678564934221,163.471227719118
"882",158.719438508428,6.63599905828174,161.254539206693
"883",163.028890016633,6.489668550229,162.822566073827
"884",161.56914458012,6.65052247559421,158.771333339971
"885",162.013319527056,9.65384620634029,161.439283316187
"886",159.305923335214,8.92063787294182,158.074230354231
"887",160.767272723795,8.2864203267592,164.069095251927
"888",159.27420333377,8.34016166590214,158.377082887339
"889",162.931692779009,8.16520069918809,164.228084263585
"890",159.548283162588,7.72064455360159,168.162690035619
"891",165.016005417992,7.30940231819196,165.112600634324
"892",167.55367215536,8.08113090707409,166.933497482557
"893",165.477780003971,7.6132867741246,164.120306872059
"894",166.371859360457,7.25699382718676,169.623722297049
"895",165.221989957057,7.84579533064904,167.549816634259
"896",169.209941164491,8.15230100067697,170.088665179788
"897",168.058586343365,7.7465030343642,171.441756960577
"898",170.360283535946,7.50990692988401,170.40871691577
"899",171.236148951615,7.22619579635754,169.771975977747
"900",170.282368728166,6.86181722782557,170.64135874814
"901",169.946852531826,7.48304436672033,169.407113535561
"902",170.395509705624,7.61638947240936,169.781470477892
"903",169.482984924028,7.1702230360123,168.725286937439
"904",169.571233769802,7.16979417665801,170.783827754288
"905",169.137995100809,7.33534691160471,169.63656210252
"906",170.555374623935,7.2732122440803,172.129241777821
"907",170.13609803758,7.64505083704393,169.171644028591
"908",171.538722227975,8.76260941853584,172.237728299477
"909",169.785860882768,8.15871389935969,167.472155767434
"910",171.285613793068,8.19487810323642,166.513569133537
"911",167.281438440655,8.57924349600408,167.990477651372
"912",166.809950837104,8.15875612271803,163.62864235664
"913",167.119110592425,8.07577733337227,165.451719520719
"914",163.994257789456,8.60021233072611,164.306629411584
"915",165.223701498892,8.38928481772259,159.877600021307
"916",163.421823533529,9.1377641564635,162.186377084819
"917",160.34035543401,9.60742331837653,157.239197136855
"918",161.197941095226,9.03988792171142,162.652430072573
"919",158.322843723999,8.46121158698868,162.568599732012
"920",162.63666400446,7.91131530249082,160.646752959476
"921",162.185230377505,7.58863959570718,157.52500833315
"922",160.023404034211,8.40238008253884,159.511837129442
"923",157.923374092409,8.94051103856782,158.896216609089
"924",159.389713025372,8.40891613022728,158.285451856598
"925",158.77506365859,7.88196906341566,157.915747143407
"926",158.21251091396,7.40919885403861,154.602371025696
"927",157.254071919865,7.98300322273275,157.58060706509
"928",155.199018233574,8.99122208960826,151.61884133968
"929",156.389253920008,9.13907956934305,158.420823866457
"930",152.980237845035,10.3844025691846,149.164473338502
"931",156.570553760866,9.63681068524763,156.684229261133
"932",150.669424523028,10.1436291262994,152.92141951851
"933",155.932667312609,9.41726048128793,157.552527121507
"934",153.848641039109,9.13131404858495,148.998614911286
"935",155.842744679463,8.47052131821498,154.012969048555
"936",150.002485738739,7.89968514587241,148.812893221812
"937",152.973953883207,8.43945433430185,153.298535251387
"938",149.711021627727,8.50335199760526,148.166693483959
"939",152.273166897902,8.38906362209707,155.625594692589
"940",149.659473725685,9.09809563135551,148.642658586389
"941",154.230007471349,8.53178639311272,161.142793320478
"942",151.143685533207,8.61555104805127,153.030789925628
"943",159.521392641508,8.06869789841323,163.531734510762
"944",155.131978842655,7.98560951390311,151.131838694622
"945",161.052755347534,7.62645533640805,161.132017196539
"946",153.132874395006,7.89058406646253,150.520062960333
"947",159.010626349298,7.48612111299881,159.974523985128
"948",152.411955165292,7.67541740828325,149.815954560677
"949",157.943810100238,7.91670335952635,159.783010007965
"950",151.810365650135,7.45755669624269,156.367010001073
"951",159.100810006586,7.0359932286425,161.078201445897
"952",157.310248290038,6.96545264175112,155.196598195672
"953",159.902880795852,6.72931072572334,163.435537901172
"954",156.845386136772,7.27674166395105,159.080340035446
"955",162.565498328027,7.26410548638276,157.727562480699
"956",158.810784524496,6.9124222274196,162.154206314044
"957",158.613891247368,6.58342177244585,157.090421942871
"958",161.14244943981,6.82209801405675,159.744425904381
"959",157.622222735173,6.85995320852666,158.622224330721
"960",159.520985589649,6.56365046587598,156.645262770136
"961",158.227832018604,6.76702869759342,160.540634939891
"962",157.425337204087,6.54362634128407,156.225583776858
"963",159.678624707285,6.26554266584895,165.399351088865
"964",158.061337239259,6.15480461452665,155.211319486517
"965",163.362744768395,6.49788273813901,164.757021910023
"966",157.121459971218,6.2324569579357,152.956860130226
"967",162.397989554063,6.08062247744129,161.478892939826
"968",154.662266692146,6.2477957357535,154.303232394092
"969",160.044760830679,6.40703267459906,160.245889597587
"970",155.492763834791,6.55503548899327,152.649102730287
"971",158.727532224127,6.72519313375924,157.397387976457
"972",153.599759779521,7.18663387130458,152.651278650239
"973",156.449166111213,7.09566719724873,154.939374731157
"974",153.109897866423,7.29833027433706,150.48140836529
"975",154.048781457984,7.91539747275085,158.488936291711
"976",152.083913950574,8.17139343824643,147.959053807248
"977",156.383959794818,7.85975822292607,159.976397842441
"978",150.363522614287,7.56111997533537,150.321481378968
"979",158.046414549746,7.24987030626222,150.771374506831
"980",150.41246000454,7.0205037831992,154.853166013007
"981",151.588732808066,6.95553233461803,156.306070350772
"982",155.14474688056,6.63440314549278,158.71624107938
"983",156.789104496493,6.34387173778125,161.177715525675
"984",159.209535968639,6.10208601105726,155.082615767246
"985",159.959695573989,5.92049279554948,156.870921864658
"986",155.441276986728,5.91040428629156,156.737395428765
"987",156.84521657748,6.42310093983449,157.650945897269
"988",156.921105522466,6.52400195226727,156.161777699405
"989",157.354112257696,7.74272373401742,156.829482412334
"990",156.296318641991,7.52661271102551,158.376903425401
"991",157.139966614947,7.19328482256978,155.783937322519
"992",157.859310204825,8.11473825495793,157.602723235009
"993",156.148694505017,7.62051955131,159.633874303494
"994",158.009953448706,7.29769786953853,157.430331261902
"995",159.194165695175,6.91148272117438,164.528810798201
"996",158.851027169162,8.00497796577725,158.920229107428
"997",163.408094460046,7.51587520234404,161.945087779579
"998",159.526200841858,7.35521750739118,156.731369626109
"999",160.903344148885,7.36122483207131,158.452325181044
"1000",157.076560737096,7.85175060950899,156.66177686511
