TimeStamp,Column1,TotalCores
2017-01-01 00:00,m1str,149564
2017-01-01 00:00,m2str,136307
2017-01-01 00:00,m3str,124775
2017-01-01 00:00,m4str,87264
2017-01-01 01:00,m1str,149444
2017-01-01 01:00,m2str,136091
2017-01-01 01:00,m3str,124113
2017-01-01 01:00,m4str,86947
2017-01-01 02:00,m1str,150588
2017-01-01 02:00,m2str,135809
2017-01-01 02:00,m3str,124503
2017-01-01 02:00,m4str,88330
2017-01-01 03:00,m1str,150488
2017-01-01 03:00,m2str,134540
2017-01-01 03:00,m3str,123806
2017-01-01 03:00,m4str,88039
2017-01-01 04:00,m1str,151088
2017-01-01 04:00,m2str,133807
2017-01-01 04:00,m3str,124007
2017-01-01 04:00,m4str,88249
2017-01-01 05:00,m1str,152556
2017-01-01 05:00,m2str,134153
2017-01-01 05:00,m3str,124831
2017-01-01 05:00,m4str,89694
2017-01-01 06:00,m1str,153832
2017-01-01 06:00,m2str,134159
2017-01-01 06:00,m3str,125581
2017-01-01 06:00,m4str,90780
2017-01-01 07:00,m1str,152912
2017-01-01 07:00,m2str,133742
2017-01-01 07:00,m3str,125048
2017-01-01 07:00,m4str,90470
2017-01-01 08:00,m1str,151476
2017-01-01 08:00,m2str,134428
2017-01-01 08:00,m3str,124418
2017-01-01 08:00,m4str,89520
2017-01-01 09:00,m1str,149824
2017-01-01 09:00,m2str,135496
2017-01-01 09:00,m3str,123738
2017-01-01 09:00,m4str,88697
2017-01-01 10:00,m1str,149820
2017-01-01 10:00,m2str,136103
2017-01-01 10:00,m3str,124991
2017-01-01 10:00,m4str,89644
2017-01-01 11:00,m1str,148960
2017-01-01 11:00,m2str,137136
2017-01-01 11:00,m3str,125026
2017-01-01 11:00,m4str,87598
2017-01-01 12:00,m1str,148020
2017-01-01 12:00,m2str,138340
2017-01-01 12:00,m3str,125328
2017-01-01 12:00,m4str,87679
2017-01-01 13:00,m1str,147388
2017-01-01 13:00,m2str,138339
2017-01-01 13:00,m3str,125125
2017-01-01 13:00,m4str,87024
2017-01-01 14:00,m1str,150056
2017-01-01 14:00,m2str,138307
2017-01-01 14:00,m3str,127119
2017-01-01 14:00,m4str,88967
2017-01-01 15:00,m1str,150668
2017-01-01 15:00,m2str,139153
2017-01-01 15:00,m3str,127837
2017-01-01 15:00,m4str,89116
2017-01-01 16:00,m1str,149868
2017-01-01 16:00,m2str,139479
2017-01-01 16:00,m3str,127781
2017-01-01 16:00,m4str,88293
2017-01-01 17:00,m1str,148668
2017-01-01 17:00,m2str,139336
2017-01-01 17:00,m3str,127420
2017-01-01 17:00,m4str,87679
2017-01-01 18:00,m1str,149144
2017-01-01 18:00,m2str,140231
2017-01-01 18:00,m3str,128065
2017-01-01 18:00,m4str,88919
2017-01-01 19:00,m1str,149780
2017-01-01 19:00,m2str,140989
2017-01-01 19:00,m3str,128623
2017-01-01 19:00,m4str,88611
2017-01-01 20:00,m1str,149580
2017-01-01 20:00,m2str,141333
2017-01-01 20:00,m3str,128117
2017-01-01 20:00,m4str,87993
2017-01-01 21:00,m1str,149316
2017-01-01 21:00,m2str,140556
2017-01-01 21:00,m3str,128108
2017-01-01 21:00,m4str,87809
2017-01-01 22:00,m1str,153612
2017-01-01 22:00,m2str,140539
2017-01-01 22:00,m3str,127787
2017-01-01 22:00,m4str,87751
2017-01-01 23:00,m1str,152688
2017-01-01 23:00,m2str,139128
2017-01-01 23:00,m3str,126650
2017-01-01 23:00,m4str,87372
2017-01-02 00:00,m1str,148476
2017-01-02 00:00,m2str,138184
2017-01-02 00:00,m3str,126048
2017-01-02 00:00,m4str,88575
2017-01-02 01:00,m1str,149272
2017-01-02 01:00,m2str,137053
2017-01-02 01:00,m3str,125603
2017-01-02 01:00,m4str,88421
2017-01-02 02:00,m1str,149820
2017-01-02 02:00,m2str,136457
2017-01-02 02:00,m3str,125341
2017-01-02 02:00,m4str,89108
2017-01-02 03:00,m1str,149956
2017-01-02 03:00,m2str,135320
2017-01-02 03:00,m3str,124910
2017-01-02 03:00,m4str,89158
2017-01-02 04:00,m1str,150196
2017-01-02 04:00,m2str,135470
2017-01-02 04:00,m3str,124672
2017-01-02 04:00,m4str,88888
2017-01-02 05:00,m1str,151032
2017-01-02 05:00,m2str,134625
2017-01-02 05:00,m3str,125299
2017-01-02 05:00,m4str,89777
2017-01-02 06:00,m1str,152588
2017-01-02 06:00,m2str,135160
2017-01-02 06:00,m3str,126020
2017-01-02 06:00,m4str,91806
2017-01-02 07:00,m1str,150720
2017-01-02 07:00,m2str,134797
2017-01-02 07:00,m3str,124921
2017-01-02 07:00,m4str,89912
2017-01-02 08:00,m1str,150404
2017-01-02 08:00,m2str,135879
2017-01-02 08:00,m3str,124973
2017-01-02 08:00,m4str,89533
2017-01-02 09:00,m1str,149488
2017-01-02 09:00,m2str,136610
2017-01-02 09:00,m3str,124788
2017-01-02 09:00,m4str,88576
2017-01-02 10:00,m1str,148876
2017-01-02 10:00,m2str,137089
2017-01-02 10:00,m3str,125185
2017-01-02 10:00,m4str,88270
2017-01-02 11:00,m1str,148900
2017-01-02 11:00,m2str,137970
2017-01-02 11:00,m3str,126134
2017-01-02 11:00,m4str,88538
2017-01-02 12:00,m1str,149108
2017-01-02 12:00,m2str,138878
2017-01-02 12:00,m3str,126456
2017-01-02 12:00,m4str,88257
2017-01-02 13:00,m1str,149852
2017-01-02 13:00,m2str,139435
2017-01-02 13:00,m3str,127619
2017-01-02 13:00,m4str,88825
2017-01-02 14:00,m1str,151112
2017-01-02 14:00,m2str,140134
2017-01-02 14:00,m3str,129076
2017-01-02 14:00,m4str,91020
2017-01-02 15:00,m1str,150760
2017-01-02 15:00,m2str,141201
2017-01-02 15:00,m3str,128869
2017-01-02 15:00,m4str,89508
2017-01-02 16:00,m1str,149088
2017-01-02 16:00,m2str,141155
2017-01-02 16:00,m3str,127771
2017-01-02 16:00,m4str,87916
2017-01-02 17:00,m1str,148964
2017-01-02 17:00,m2str,141929
2017-01-02 17:00,m3str,128387
2017-01-02 17:00,m4str,87956
2017-01-02 18:00,m1str,149860
2017-01-02 18:00,m2str,141816
2017-01-02 18:00,m3str,128916
2017-01-02 18:00,m4str,88410
2017-01-02 19:00,m1str,149512
2017-01-02 19:00,m2str,141570
2017-01-02 19:00,m3str,128344
2017-01-02 19:00,m4str,87789
2017-01-02 20:00,m1str,150048
2017-01-02 20:00,m2str,142076
2017-01-02 20:00,m3str,128100
2017-01-02 20:00,m4str,88113
2017-01-02 21:00,m1str,149380
2017-01-02 21:00,m2str,140818
2017-01-02 21:00,m3str,127416
2017-01-02 21:00,m4str,88414
2017-01-02 22:00,m1str,149068
2017-01-02 22:00,m2str,139947
2017-01-02 22:00,m3str,126697
2017-01-02 22:00,m4str,88097
2017-01-02 23:00,m1str,149576
2017-01-02 23:00,m2str,138415
2017-01-02 23:00,m3str,126939
2017-01-02 23:00,m4str,89544
2017-01-03 00:00,m1str,149980
2017-01-03 00:00,m2str,137580
2017-01-03 00:00,m3str,126456
2017-01-03 00:00,m4str,90572
2017-01-03 01:00,m1str,149808
2017-01-03 01:00,m2str,136692
2017-01-03 01:00,m3str,125342
2017-01-03 01:00,m4str,88535
2017-01-03 02:00,m1str,150088
2017-01-03 02:00,m2str,135869
2017-01-03 02:00,m3str,124773
2017-01-03 02:00,m4str,89238
2017-01-03 03:00,m1str,150804
2017-01-03 03:00,m2str,134817
2017-01-03 03:00,m3str,124877
2017-01-03 03:00,m4str,90218
2017-01-03 04:00,m1str,151572
2017-01-03 04:00,m2str,135314
2017-01-03 04:00,m3str,125156
2017-01-03 04:00,m4str,90578
2017-01-03 05:00,m1str,151704
2017-01-03 05:00,m2str,134808
2017-01-03 05:00,m3str,125372
2017-01-03 05:00,m4str,91566
2017-01-03 06:00,m1str,153944
2017-01-03 06:00,m2str,134934
2017-01-03 06:00,m3str,127130
2017-01-03 06:00,m4str,92161
2017-01-03 07:00,m1str,154164
2017-01-03 07:00,m2str,135126
2017-01-03 07:00,m3str,126902
2017-01-03 07:00,m4str,92150
2017-01-03 08:00,m1str,151436
2017-01-03 08:00,m2str,135852
2017-01-03 08:00,m3str,125072
2017-01-03 08:00,m4str,89943
2017-01-03 09:00,m1str,151628
2017-01-03 09:00,m2str,136496
2017-01-03 09:00,m3str,125438
2017-01-03 09:00,m4str,90325
2017-01-03 10:00,m1str,155640
2017-01-03 10:00,m2str,136911
2017-01-03 10:00,m3str,129657
2017-01-03 10:00,m4str,95211
2017-01-03 11:00,m1str,159196
2017-01-03 11:00,m2str,137410
2017-01-03 11:00,m3str,133860
2017-01-03 11:00,m4str,99113
2017-01-03 12:00,m1str,156232
2017-01-03 12:00,m2str,137622
2017-01-03 12:00,m3str,131644
2017-01-03 12:00,m4str,95962
2017-01-03 13:00,m1str,152676
2017-01-03 13:00,m2str,138536
2017-01-03 13:00,m3str,127928
2017-01-03 13:00,m4str,91684
2017-01-03 14:00,m1str,153612
2017-01-03 14:00,m2str,139835
2017-01-03 14:00,m3str,129487
2017-01-03 14:00,m4str,91849
2017-01-03 15:00,m1str,155312
2017-01-03 15:00,m2str,140766
2017-01-03 15:00,m3str,131078
2017-01-03 15:00,m4str,93888
2017-01-03 16:00,m1str,155820
2017-01-03 16:00,m2str,140890
2017-01-03 16:00,m3str,131816
2017-01-03 16:00,m4str,93917
2017-01-03 17:00,m1str,154596
2017-01-03 17:00,m2str,141251
2017-01-03 17:00,m3str,131941
2017-01-03 17:00,m4str,93835
2017-01-03 18:00,m1str,151620
2017-01-03 18:00,m2str,142485
2017-01-03 18:00,m3str,129305
2017-01-03 18:00,m4str,90095
2017-01-03 19:00,m1str,153404
2017-01-03 19:00,m2str,142730
2017-01-03 19:00,m3str,131502
2017-01-03 19:00,m4str,91674
2017-01-03 20:00,m1str,152712
2017-01-03 20:00,m2str,142625
2017-01-03 20:00,m3str,129887
2017-01-03 20:00,m4str,91250
2017-01-03 21:00,m1str,152524
2017-01-03 21:00,m2str,141230
2017-01-03 21:00,m3str,128868
2017-01-03 21:00,m4str,91168
2017-01-03 22:00,m1str,150944
2017-01-03 22:00,m2str,140403
2017-01-03 22:00,m3str,127643
2017-01-03 22:00,m4str,90371
2017-01-03 23:00,m1str,151164
2017-01-03 23:00,m2str,139037
2017-01-03 23:00,m3str,127491
2017-01-03 23:00,m4str,92592
2017-01-04 00:00,m1str,151080
2017-01-04 00:00,m2str,137678
2017-01-04 00:00,m3str,126564
2017-01-04 00:00,m4str,92217
2017-01-04 01:00,m1str,150340
2017-01-04 01:00,m2str,136482
2017-01-04 01:00,m3str,124648
2017-01-04 01:00,m4str,91172
2017-01-04 02:00,m1str,150628
2017-01-04 02:00,m2str,136142
2017-01-04 02:00,m3str,124576
2017-01-04 02:00,m4str,90971
2017-01-04 03:00,m1str,150792
2017-01-04 03:00,m2str,135830
2017-01-04 03:00,m3str,124076
2017-01-04 03:00,m4str,91029
2017-01-04 04:00,m1str,151504
2017-01-04 04:00,m2str,136342
2017-01-04 04:00,m3str,124510
2017-01-04 04:00,m4str,91595
2017-01-04 05:00,m1str,150992
2017-01-04 05:00,m2str,135393
2017-01-04 05:00,m3str,124099
2017-01-04 05:00,m4str,91653
2017-01-04 06:00,m1str,153288
2017-01-04 06:00,m2str,135221
2017-01-04 06:00,m3str,125237
2017-01-04 06:00,m4str,93709
2017-01-04 07:00,m1str,154176
2017-01-04 07:00,m2str,135968
2017-01-04 07:00,m3str,126436
2017-01-04 07:00,m4str,94279
2017-01-04 08:00,m1str,154276
2017-01-04 08:00,m2str,136639
2017-01-04 08:00,m3str,126797
2017-01-04 08:00,m4str,94309
2017-01-04 09:00,m1str,153320
2017-01-04 09:00,m2str,136944
2017-01-04 09:00,m3str,126310
2017-01-04 09:00,m4str,92833
2017-01-04 10:00,m1str,153872
2017-01-04 10:00,m2str,137354
2017-01-04 10:00,m3str,127512
2017-01-04 10:00,m4str,93529
2017-01-04 11:00,m1str,153360
2017-01-04 11:00,m2str,138356
2017-01-04 11:00,m3str,127960
2017-01-04 11:00,m4str,93829
2017-01-04 12:00,m1str,153952
2017-01-04 12:00,m2str,139457
2017-01-04 12:00,m3str,128855
2017-01-04 12:00,m4str,93524
2017-01-04 13:00,m1str,154432
2017-01-04 13:00,m2str,139834
2017-01-04 13:00,m3str,129662
2017-01-04 13:00,m4str,93223
2017-01-04 14:00,m1str,157264
2017-01-04 14:00,m2str,140201
2017-01-04 14:00,m3str,132053
2017-01-04 14:00,m4str,95787
2017-01-04 15:00,m1str,162256
2017-01-04 15:00,m2str,140344
2017-01-04 15:00,m3str,135402
2017-01-04 15:00,m4str,99636
2017-01-04 16:00,m1str,160832
2017-01-04 16:00,m2str,140649
2017-01-04 16:00,m3str,135345
2017-01-04 16:00,m4str,98374
2017-01-04 17:00,m1str,156632
2017-01-04 17:00,m2str,141684
2017-01-04 17:00,m3str,131864
2017-01-04 17:00,m4str,94962
2017-01-04 18:00,m1str,154068
2017-01-04 18:00,m2str,142772
2017-01-04 18:00,m3str,131242
2017-01-04 18:00,m4str,94140
2017-01-04 19:00,m1str,152908
2017-01-04 19:00,m2str,142690
2017-01-04 19:00,m3str,130158
2017-01-04 19:00,m4str,92039
2017-01-04 20:00,m1str,152832
2017-01-04 20:00,m2str,142500
2017-01-04 20:00,m3str,129280
2017-01-04 20:00,m4str,91073
2017-01-04 21:00,m1str,151288
2017-01-04 21:00,m2str,141266
2017-01-04 21:00,m3str,128036
2017-01-04 21:00,m4str,90580
2017-01-04 22:00,m1str,151620
2017-01-04 22:00,m2str,141103
2017-01-04 22:00,m3str,127379
2017-01-04 22:00,m4str,90224
2017-01-04 23:00,m1str,153736
2017-01-04 23:00,m2str,139704
2017-01-04 23:00,m3str,126220
2017-01-04 23:00,m4str,90740
2017-01-05 00:00,m1str,156664
2017-01-05 00:00,m2str,138092
2017-01-05 00:00,m3str,127276
2017-01-05 00:00,m4str,91760
2017-01-05 01:00,m1str,153468
2017-01-05 01:00,m2str,137413
2017-01-05 01:00,m3str,125661
2017-01-05 01:00,m4str,90620
2017-01-05 02:00,m1str,151556
2017-01-05 02:00,m2str,136390
2017-01-05 02:00,m3str,124648
2017-01-05 02:00,m4str,91033
2017-01-05 03:00,m1str,151984
2017-01-05 03:00,m2str,136030
2017-01-05 03:00,m3str,124730
2017-01-05 03:00,m4str,90464
2017-01-05 04:00,m1str,150720
2017-01-05 04:00,m2str,135583
2017-01-05 04:00,m3str,123471
2017-01-05 04:00,m4str,89658
2017-01-05 05:00,m1str,151956
2017-01-05 05:00,m2str,136063
2017-01-05 05:00,m3str,124811
2017-01-05 05:00,m4str,91969
2017-01-05 06:00,m1str,153832
2017-01-05 06:00,m2str,135605
2017-01-05 06:00,m3str,126057
2017-01-05 06:00,m4str,92476
2017-01-05 07:00,m1str,152664
2017-01-05 07:00,m2str,135550
2017-01-05 07:00,m3str,125218
2017-01-05 07:00,m4str,92487
2017-01-05 08:00,m1str,151940
2017-01-05 08:00,m2str,135906
2017-01-05 08:00,m3str,124780
2017-01-05 08:00,m4str,91267
2017-01-05 09:00,m1str,155068
2017-01-05 09:00,m2str,137133
2017-01-05 09:00,m3str,127893
2017-01-05 09:00,m4str,92965
2017-01-05 10:00,m1str,155168
2017-01-05 10:00,m2str,138660
2017-01-05 10:00,m3str,128620
2017-01-05 10:00,m4str,93444
2017-01-05 11:00,m1str,153816
2017-01-05 11:00,m2str,139071
2017-01-05 11:00,m3str,128097
2017-01-05 11:00,m4str,91710
2017-01-05 12:00,m1str,154704
2017-01-05 12:00,m2str,140016
2017-01-05 12:00,m3str,129780
2017-01-05 12:00,m4str,93918
2017-01-05 13:00,m1str,156200
2017-01-05 13:00,m2str,140516
2017-01-05 13:00,m3str,131428
2017-01-05 13:00,m4str,94242
2017-01-05 14:00,m1str,155184
2017-01-05 14:00,m2str,141099
2017-01-05 14:00,m3str,130803
2017-01-05 14:00,m4str,94262
2017-01-05 15:00,m1str,158072
2017-01-05 15:00,m2str,141412
2017-01-05 15:00,m3str,131860
2017-01-05 15:00,m4str,94844
2017-01-05 16:00,m1str,160032
2017-01-05 16:00,m2str,141245
2017-01-05 16:00,m3str,133213
2017-01-05 16:00,m4str,96288
2017-01-05 17:00,m1str,155808
2017-01-05 17:00,m2str,142424
2017-01-05 17:00,m3str,131242
2017-01-05 17:00,m4str,93244
2017-01-05 18:00,m1str,154024
2017-01-05 18:00,m2str,143218
2017-01-05 18:00,m3str,129830
2017-01-05 18:00,m4str,91488
2017-01-05 19:00,m1str,154000
2017-01-05 19:00,m2str,143559
2017-01-05 19:00,m3str,129945
2017-01-05 19:00,m4str,91032
2017-01-05 20:00,m1str,151932
2017-01-05 20:00,m2str,143114
2017-01-05 20:00,m3str,128728
2017-01-05 20:00,m4str,90539
2017-01-05 21:00,m1str,151496
2017-01-05 21:00,m2str,141523
2017-01-05 21:00,m3str,126023
2017-01-05 21:00,m4str,88689
2017-01-05 22:00,m1str,151284
2017-01-05 22:00,m2str,141014
2017-01-05 22:00,m3str,125192
2017-01-05 22:00,m4str,88026
2017-01-05 23:00,m1str,154672
2017-01-05 23:00,m2str,139705
2017-01-05 23:00,m3str,125161
2017-01-05 23:00,m4str,89595
2017-01-06 00:00,m1str,151260
2017-01-06 00:00,m2str,138667
2017-01-06 00:00,m3str,124319
2017-01-06 00:00,m4str,88922
2017-01-06 01:00,m1str,149428
2017-01-06 01:00,m2str,137931
2017-01-06 01:00,m3str,123437
2017-01-06 01:00,m4str,87856
2017-01-06 02:00,m1str,151256
2017-01-06 02:00,m2str,137185
2017-01-06 02:00,m3str,124533
2017-01-06 02:00,m4str,90061
2017-01-06 03:00,m1str,149536
2017-01-06 03:00,m2str,136827
2017-01-06 03:00,m3str,122955
2017-01-06 03:00,m4str,89529
2017-01-06 04:00,m1str,150068
2017-01-06 04:00,m2str,136328
2017-01-06 04:00,m3str,123698
2017-01-06 04:00,m4str,90932
2017-01-06 05:00,m1str,150820
2017-01-06 05:00,m2str,136853
2017-01-06 05:00,m3str,124581
2017-01-06 05:00,m4str,91551
2017-01-06 06:00,m1str,152696
2017-01-06 06:00,m2str,136811
2017-01-06 06:00,m3str,125701
2017-01-06 06:00,m4str,92190
2017-01-06 07:00,m1str,152452
2017-01-06 07:00,m2str,137319
2017-01-06 07:00,m3str,125163
2017-01-06 07:00,m4str,90924
2017-01-06 08:00,m1str,151484
2017-01-06 08:00,m2str,138530
2017-01-06 08:00,m3str,124902
2017-01-06 08:00,m4str,91863
2017-01-06 09:00,m1str,153256
2017-01-06 09:00,m2str,139084
2017-01-06 09:00,m3str,126374
2017-01-06 09:00,m4str,91577
2017-01-06 10:00,m1str,153812
2017-01-06 10:00,m2str,139047
2017-01-06 10:00,m3str,127659
2017-01-06 10:00,m4str,92233
2017-01-06 11:00,m1str,152532
2017-01-06 11:00,m2str,139490
2017-01-06 11:00,m3str,127090
2017-01-06 11:00,m4str,91533
2017-01-06 12:00,m1str,153340
2017-01-06 12:00,m2str,139756
2017-01-06 12:00,m3str,127846
2017-01-06 12:00,m4str,92589
2017-01-06 13:00,m1str,155024
2017-01-06 13:00,m2str,140615
2017-01-06 13:00,m3str,130169
2017-01-06 13:00,m4str,93689
2017-01-06 14:00,m1str,156012
2017-01-06 14:00,m2str,141310
2017-01-06 14:00,m3str,131674
2017-01-06 14:00,m4str,94678
2017-01-06 15:00,m1str,161700
2017-01-06 15:00,m2str,142077
2017-01-06 15:00,m3str,135473
2017-01-06 15:00,m4str,98969
2017-01-06 16:00,m1str,158092
2017-01-06 16:00,m2str,142846
2017-01-06 16:00,m3str,132072
2017-01-06 16:00,m4str,93936
2017-01-06 17:00,m1str,154324
2017-01-06 17:00,m2str,142854
2017-01-06 17:00,m3str,131000
2017-01-06 17:00,m4str,92678
2017-01-06 18:00,m1str,152572
2017-01-06 18:00,m2str,143564
2017-01-06 18:00,m3str,131084
2017-01-06 18:00,m4str,91917
2017-01-06 19:00,m1str,152072
2017-01-06 19:00,m2str,144231
2017-01-06 19:00,m3str,130733
2017-01-06 19:00,m4str,90683
2017-01-06 20:00,m1str,153396
2017-01-06 20:00,m2str,143886
2017-01-06 20:00,m3str,131808
2017-01-06 20:00,m4str,91776
2017-01-06 21:00,m1str,153716
2017-01-06 21:00,m2str,143231
2017-01-06 21:00,m3str,131785
2017-01-06 21:00,m4str,92334
2017-01-06 22:00,m1str,151720
2017-01-06 22:00,m2str,142538
2017-01-06 22:00,m3str,129770
2017-01-06 22:00,m4str,90541
2017-01-06 23:00,m1str,151844
2017-01-06 23:00,m2str,141869
2017-01-06 23:00,m3str,127851
2017-01-06 23:00,m4str,91711
2017-01-07 00:00,m1str,152548
2017-01-07 00:00,m2str,140289
2017-01-07 00:00,m3str,127855
2017-01-07 00:00,m4str,91890
2017-01-07 01:00,m1str,150460
2017-01-07 01:00,m2str,139344
2017-01-07 01:00,m3str,126240
2017-01-07 01:00,m4str,90362
2017-01-07 02:00,m1str,149920
2017-01-07 02:00,m2str,138336
2017-01-07 02:00,m3str,125142
2017-01-07 02:00,m4str,91070
2017-01-07 03:00,m1str,150532
2017-01-07 03:00,m2str,137101
2017-01-07 03:00,m3str,125155
2017-01-07 03:00,m4str,91894
2017-01-07 04:00,m1str,150236
2017-01-07 04:00,m2str,136818
2017-01-07 04:00,m3str,124962
2017-01-07 04:00,m4str,91481
2017-01-07 05:00,m1str,150608
2017-01-07 05:00,m2str,136602
2017-01-07 05:00,m3str,125114
2017-01-07 05:00,m4str,91336
2017-01-07 06:00,m1str,152120
2017-01-07 06:00,m2str,136640
2017-01-07 06:00,m3str,126138
2017-01-07 06:00,m4str,91873
2017-01-07 07:00,m1str,151472
2017-01-07 07:00,m2str,137304
2017-01-07 07:00,m3str,125774
2017-01-07 07:00,m4str,91069
2017-01-07 08:00,m1str,150732
2017-01-07 08:00,m2str,138932
2017-01-07 08:00,m3str,125808
2017-01-07 08:00,m4str,90677
2017-01-07 09:00,m1str,150428
2017-01-07 09:00,m2str,139396
2017-01-07 09:00,m3str,126068
2017-01-07 09:00,m4str,90276
2017-01-07 10:00,m1str,150784
2017-01-07 10:00,m2str,140702
2017-01-07 10:00,m3str,127278
2017-01-07 10:00,m4str,91160
2017-01-07 11:00,m1str,150252
2017-01-07 11:00,m2str,141496
2017-01-07 11:00,m3str,127466
2017-01-07 11:00,m4str,90636
2017-01-07 12:00,m1str,149520
2017-01-07 12:00,m2str,142061
2017-01-07 12:00,m3str,127211
2017-01-07 12:00,m4str,90159
2017-01-07 13:00,m1str,148672
2017-01-07 13:00,m2str,142295
2017-01-07 13:00,m3str,126721
2017-01-07 13:00,m4str,90055
2017-01-07 14:00,m1str,151440
2017-01-07 14:00,m2str,142147
2017-01-07 14:00,m3str,129109
2017-01-07 14:00,m4str,91522
2017-01-07 15:00,m1str,155200
2017-01-07 15:00,m2str,142546
2017-01-07 15:00,m3str,130306
2017-01-07 15:00,m4str,93783
2017-01-07 16:00,m1str,153548
2017-01-07 16:00,m2str,142323
2017-01-07 16:00,m3str,129123
2017-01-07 16:00,m4str,91268
2017-01-07 17:00,m1str,151312
2017-01-07 17:00,m2str,142349
2017-01-07 17:00,m3str,129361
2017-01-07 17:00,m4str,90767
2017-01-07 18:00,m1str,151660
2017-01-07 18:00,m2str,143341
2017-01-07 18:00,m3str,130459
2017-01-07 18:00,m4str,91030
2017-01-07 19:00,m1str,151620
2017-01-07 19:00,m2str,143829
2017-01-07 19:00,m3str,130297
2017-01-07 19:00,m4str,90606
2017-01-07 20:00,m1str,151628
2017-01-07 20:00,m2str,143849
2017-01-07 20:00,m3str,130159
2017-01-07 20:00,m4str,90919
2017-01-07 21:00,m1str,151196
2017-01-07 21:00,m2str,143413
2017-01-07 21:00,m3str,129767
2017-01-07 21:00,m4str,90832
2017-01-07 22:00,m1str,151028
2017-01-07 22:00,m2str,143695
2017-01-07 22:00,m3str,128905
2017-01-07 22:00,m4str,90231
2017-01-07 23:00,m1str,153300
2017-01-07 23:00,m2str,141935
2017-01-07 23:00,m3str,128503
2017-01-07 23:00,m4str,92171
2017-01-08 00:00,m1str,152152
2017-01-08 00:00,m2str,140209
2017-01-08 00:00,m3str,127727
2017-01-08 00:00,m4str,91911
2017-01-08 01:00,m1str,149824
2017-01-08 01:00,m2str,139955
2017-01-08 01:00,m3str,125571
2017-01-08 01:00,m4str,89371
2017-01-08 02:00,m1str,150336
2017-01-08 02:00,m2str,139090
2017-01-08 02:00,m3str,125744
2017-01-08 02:00,m4str,90360
2017-01-08 03:00,m1str,150152
2017-01-08 03:00,m2str,137623
2017-01-08 03:00,m3str,125065
2017-01-08 03:00,m4str,90671
2017-01-08 04:00,m1str,150276
2017-01-08 04:00,m2str,137609
2017-01-08 04:00,m3str,125047
2017-01-08 04:00,m4str,90748
2017-01-08 05:00,m1str,151032
2017-01-08 05:00,m2str,138017
2017-01-08 05:00,m3str,125447
2017-01-08 05:00,m4str,91527
2017-01-08 06:00,m1str,154436
2017-01-08 06:00,m2str,137827
2017-01-08 06:00,m3str,128535
2017-01-08 06:00,m4str,94982
2017-01-08 07:00,m1str,153412
2017-01-08 07:00,m2str,137883
2017-01-08 07:00,m3str,127489
2017-01-08 07:00,m4str,93611
2017-01-08 08:00,m1str,151580
2017-01-08 08:00,m2str,139017
2017-01-08 08:00,m3str,126367
2017-01-08 08:00,m4str,91740
2017-01-08 09:00,m1str,151344
2017-01-08 09:00,m2str,140764
2017-01-08 09:00,m3str,126726
2017-01-08 09:00,m4str,90707
2017-01-08 10:00,m1str,150452
2017-01-08 10:00,m2str,141103
2017-01-08 10:00,m3str,126715
2017-01-08 10:00,m4str,90135
2017-01-08 11:00,m1str,150672
2017-01-08 11:00,m2str,141829
2017-01-08 11:00,m3str,127543
2017-01-08 11:00,m4str,90245
2017-01-08 12:00,m1str,150560
2017-01-08 12:00,m2str,142858
2017-01-08 12:00,m3str,128008
2017-01-08 12:00,m4str,90162
2017-01-08 13:00,m1str,149800
2017-01-08 13:00,m2str,143153
2017-01-08 13:00,m3str,127781
2017-01-08 13:00,m4str,89925
2017-01-08 14:00,m1str,153168
2017-01-08 14:00,m2str,143012
2017-01-08 14:00,m3str,130414
2017-01-08 14:00,m4str,92253
2017-01-08 15:00,m1str,155768
2017-01-08 15:00,m2str,144194
2017-01-08 15:00,m3str,131266
2017-01-08 15:00,m4str,93023
2017-01-08 16:00,m1str,154456
2017-01-08 16:00,m2str,144168
2017-01-08 16:00,m3str,130606
2017-01-08 16:00,m4str,92064
2017-01-08 17:00,m1str,152036
2017-01-08 17:00,m2str,143680
2017-01-08 17:00,m3str,130438
2017-01-08 17:00,m4str,91522
2017-01-08 18:00,m1str,151796
2017-01-08 18:00,m2str,143957
2017-01-08 18:00,m3str,130829
2017-01-08 18:00,m4str,91477
2017-01-08 19:00,m1str,151556
2017-01-08 19:00,m2str,143249
2017-01-08 19:00,m3str,130305
2017-01-08 19:00,m4str,90871
2017-01-08 20:00,m1str,152472
2017-01-08 20:00,m2str,143434
2017-01-08 20:00,m3str,129830
2017-01-08 20:00,m4str,90991
2017-01-08 21:00,m1str,152332
2017-01-08 21:00,m2str,141729
2017-01-08 21:00,m3str,128903
2017-01-08 21:00,m4str,91217
2017-01-08 22:00,m1str,151788
2017-01-08 22:00,m2str,140285
2017-01-08 22:00,m3str,127217
2017-01-08 22:00,m4str,90374
2017-01-08 23:00,m1str,154048
2017-01-08 23:00,m2str,139671
2017-01-08 23:00,m3str,127173
2017-01-08 23:00,m4str,92166
2017-01-09 00:00,m1str,152860
2017-01-09 00:00,m2str,138038
2017-01-09 00:00,m3str,126760
2017-01-09 00:00,m4str,91927
2017-01-09 01:00,m1str,151476
2017-01-09 01:00,m2str,138033
2017-01-09 01:00,m3str,126291
2017-01-09 01:00,m4str,91869
2017-01-09 02:00,m1str,151540
2017-01-09 02:00,m2str,137499
2017-01-09 02:00,m3str,125597
2017-01-09 02:00,m4str,91813
2017-01-09 03:00,m1str,152252
2017-01-09 03:00,m2str,136606
2017-01-09 03:00,m3str,125724
2017-01-09 03:00,m4str,93538
2017-01-09 04:00,m1str,151828
2017-01-09 04:00,m2str,136045
2017-01-09 04:00,m3str,125435
2017-01-09 04:00,m4str,92956
2017-01-09 05:00,m1str,152772
2017-01-09 05:00,m2str,136250
2017-01-09 05:00,m3str,125704
2017-01-09 05:00,m4str,93830
2017-01-09 06:00,m1str,153740
2017-01-09 06:00,m2str,136982
2017-01-09 06:00,m3str,126472
2017-01-09 06:00,m4str,93354
2017-01-09 07:00,m1str,154596
2017-01-09 07:00,m2str,137500
2017-01-09 07:00,m3str,127182
2017-01-09 07:00,m4str,93284
2017-01-09 08:00,m1str,155164
2017-01-09 08:00,m2str,137753
2017-01-09 08:00,m3str,127795
2017-01-09 08:00,m4str,94083
2017-01-09 09:00,m1str,154592
2017-01-09 09:00,m2str,137853
2017-01-09 09:00,m3str,127857
2017-01-09 09:00,m4str,95474
2017-01-09 10:00,m1str,156172
2017-01-09 10:00,m2str,137963
2017-01-09 10:00,m3str,129699
2017-01-09 10:00,m4str,96089
2017-01-09 11:00,m1str,158976
2017-01-09 11:00,m2str,139485
2017-01-09 11:00,m3str,132685
2017-01-09 11:00,m4str,98378
2017-01-09 12:00,m1str,157624
2017-01-09 12:00,m2str,139631
2017-01-09 12:00,m3str,131863
2017-01-09 12:00,m4str,98262
2017-01-09 13:00,m1str,156956
2017-01-09 13:00,m2str,139842
2017-01-09 13:00,m3str,132110
2017-01-09 13:00,m4str,97982
2017-01-09 14:00,m1str,158012
2017-01-09 14:00,m2str,141427
2017-01-09 14:00,m3str,133343
2017-01-09 14:00,m4str,98588
2017-01-09 15:00,m1str,157064
2017-01-09 15:00,m2str,142091
2017-01-09 15:00,m3str,132233
2017-01-09 15:00,m4str,95921
2017-01-09 16:00,m1str,156432
2017-01-09 16:00,m2str,141824
2017-01-09 16:00,m3str,131042
2017-01-09 16:00,m4str,94008
2017-01-09 17:00,m1str,155268
2017-01-09 17:00,m2str,142836
2017-01-09 17:00,m3str,132572
2017-01-09 17:00,m4str,94714
2017-01-09 18:00,m1str,156488
2017-01-09 18:00,m2str,142846
2017-01-09 18:00,m3str,134384
2017-01-09 18:00,m4str,95715
2017-01-09 19:00,m1str,155420
2017-01-09 19:00,m2str,142437
2017-01-09 19:00,m3str,133721
2017-01-09 19:00,m4str,94870
2017-01-09 20:00,m1str,158636
2017-01-09 20:00,m2str,142425
2017-01-09 20:00,m3str,134897
2017-01-09 20:00,m4str,97564
2017-01-09 21:00,m1str,159804
2017-01-09 21:00,m2str,141219
2017-01-09 21:00,m3str,133851
2017-01-09 21:00,m4str,96960
2017-01-09 22:00,m1str,157732
2017-01-09 22:00,m2str,140016
2017-01-09 22:00,m3str,131730
2017-01-09 22:00,m4str,96142
2017-01-09 23:00,m1str,158172
2017-01-09 23:00,m2str,138839
2017-01-09 23:00,m3str,131189
2017-01-09 23:00,m4str,96320
2017-01-10 00:00,m1str,159172
2017-01-10 00:00,m2str,138363
2017-01-10 00:00,m3str,131761
2017-01-10 00:00,m4str,97656
2017-01-10 01:00,m1str,159004
2017-01-10 01:00,m2str,138031
2017-01-10 01:00,m3str,132223
2017-01-10 01:00,m4str,99026
2017-01-10 02:00,m1str,158700
2017-01-10 02:00,m2str,137124
2017-01-10 02:00,m3str,131828
2017-01-10 02:00,m4str,98745
2017-01-10 03:00,m1str,158564
2017-01-10 03:00,m2str,136343
2017-01-10 03:00,m3str,130947
2017-01-10 03:00,m4str,98318
2017-01-10 04:00,m1str,156808
2017-01-10 04:00,m2str,137326
2017-01-10 04:00,m3str,129144
2017-01-10 04:00,m4str,96310
2017-01-10 05:00,m1str,156520
2017-01-10 05:00,m2str,137639
2017-01-10 05:00,m3str,128583
2017-01-10 05:00,m4str,95028
2017-01-10 06:00,m1str,157292
2017-01-10 06:00,m2str,138159
2017-01-10 06:00,m3str,128943
2017-01-10 06:00,m4str,95586
2017-01-10 07:00,m1str,156592
2017-01-10 07:00,m2str,138155
2017-01-10 07:00,m3str,129335
2017-01-10 07:00,m4str,96086
2017-01-10 08:00,m1str,157660
2017-01-10 08:00,m2str,138184
2017-01-10 08:00,m3str,130400
2017-01-10 08:00,m4str,96915
2017-01-10 09:00,m1str,157316
2017-01-10 09:00,m2str,137390
2017-01-10 09:00,m3str,129998
2017-01-10 09:00,m4str,97826
2017-01-10 10:00,m1str,157892
2017-01-10 10:00,m2str,137863
2017-01-10 10:00,m3str,131067
2017-01-10 10:00,m4str,98207
2017-01-10 11:00,m1str,159144
2017-01-10 11:00,m2str,138352
2017-01-10 11:00,m3str,132184
2017-01-10 11:00,m4str,98823
2017-01-10 12:00,m1str,160068
2017-01-10 12:00,m2str,138329
2017-01-10 12:00,m3str,133573
2017-01-10 12:00,m4str,98927
2017-01-10 13:00,m1str,159244
2017-01-10 13:00,m2str,139535
2017-01-10 13:00,m3str,133537
2017-01-10 13:00,m4str,98243
2017-01-10 14:00,m1str,160772
2017-01-10 14:00,m2str,141316
2017-01-10 14:00,m3str,135414
2017-01-10 14:00,m4str,99947
2017-01-10 15:00,m1str,164852
2017-01-10 15:00,m2str,142509
2017-01-10 15:00,m3str,138095
2017-01-10 15:00,m4str,102371
2017-01-10 16:00,m1str,163788
2017-01-10 16:00,m2str,143464
2017-01-10 16:00,m3str,138044
2017-01-10 16:00,m4str,101423
2017-01-10 17:00,m1str,160496
2017-01-10 17:00,m2str,143439
2017-01-10 17:00,m3str,136775
2017-01-10 17:00,m4str,99522
2017-01-10 18:00,m1str,159764
2017-01-10 18:00,m2str,142823
2017-01-10 18:00,m3str,135521
2017-01-10 18:00,m4str,97630
2017-01-10 19:00,m1str,160960
2017-01-10 19:00,m2str,143697
2017-01-10 19:00,m3str,137207
2017-01-10 19:00,m4str,98862
2017-01-10 20:00,m1str,159612
2017-01-10 20:00,m2str,142538
2017-01-10 20:00,m3str,136090
2017-01-10 20:00,m4str,98259
2017-01-10 21:00,m1str,158684
2017-01-10 21:00,m2str,141468
2017-01-10 21:00,m3str,134530
2017-01-10 21:00,m4str,97373
2017-01-10 22:00,m1str,159736
2017-01-10 22:00,m2str,140324
2017-01-10 22:00,m3str,133682
2017-01-10 22:00,m4str,97273
2017-01-10 23:00,m1str,159280
2017-01-10 23:00,m2str,139281
2017-01-10 23:00,m3str,130495
2017-01-10 23:00,m4str,95215
2017-01-11 00:00,m1str,157400
2017-01-11 00:00,m2str,138923
2017-01-11 00:00,m3str,129223
2017-01-11 00:00,m4str,94820
2017-01-11 01:00,m1str,155616
2017-01-11 01:00,m2str,138400
2017-01-11 01:00,m3str,127584
2017-01-11 01:00,m4str,93677
2017-01-11 02:00,m1str,155220
2017-01-11 02:00,m2str,138205
2017-01-11 02:00,m3str,127559
2017-01-11 02:00,m4str,93967
2017-01-11 03:00,m1str,154860
2017-01-11 03:00,m2str,138147
2017-01-11 03:00,m3str,127311
2017-01-11 03:00,m4str,93581
2017-01-11 04:00,m1str,156416
2017-01-11 04:00,m2str,137810
2017-01-11 04:00,m3str,128726
2017-01-11 04:00,m4str,95173
2017-01-11 05:00,m1str,158444
2017-01-11 05:00,m2str,137871
2017-01-11 05:00,m3str,130863
2017-01-11 05:00,m4str,97077
2017-01-11 06:00,m1str,159048
2017-01-11 06:00,m2str,137741
2017-01-11 06:00,m3str,131567
2017-01-11 06:00,m4str,97568
2017-01-11 07:00,m1str,157948
2017-01-11 07:00,m2str,137803
2017-01-11 07:00,m3str,129641
2017-01-11 07:00,m4str,96327
2017-01-11 08:00,m1str,156384
2017-01-11 08:00,m2str,138508
2017-01-11 08:00,m3str,128500
2017-01-11 08:00,m4str,95188
2017-01-11 09:00,m1str,155016
2017-01-11 09:00,m2str,138674
2017-01-11 09:00,m3str,127936
2017-01-11 09:00,m4str,95106
2017-01-11 10:00,m1str,156552
2017-01-11 10:00,m2str,138665
2017-01-11 10:00,m3str,130071
2017-01-11 10:00,m4str,96555
2017-01-11 11:00,m1str,162052
2017-01-11 11:00,m2str,138556
2017-01-11 11:00,m3str,135564
2017-01-11 11:00,m4str,102310
2017-01-11 12:00,m1str,162344
2017-01-11 12:00,m2str,139054
2017-01-11 12:00,m3str,136198
2017-01-11 12:00,m4str,102058
2017-01-11 13:00,m1str,162372
2017-01-11 13:00,m2str,139722
2017-01-11 13:00,m3str,137040
2017-01-11 13:00,m4str,102537
2017-01-11 14:00,m1str,160776
2017-01-11 14:00,m2str,141151
2017-01-11 14:00,m3str,136183
2017-01-11 14:00,m4str,100930
2017-01-11 15:00,m1str,161036
2017-01-11 15:00,m2str,141581
2017-01-11 15:00,m3str,136683
2017-01-11 15:00,m4str,100937
2017-01-11 16:00,m1str,162736
2017-01-11 16:00,m2str,142435
2017-01-11 16:00,m3str,137427
2017-01-11 16:00,m4str,101333
2017-01-11 17:00,m1str,162864
2017-01-11 17:00,m2str,142394
2017-01-11 17:00,m3str,137246
2017-01-11 17:00,m4str,99935
2017-01-11 18:00,m1str,160904
2017-01-11 18:00,m2str,144639
2017-01-11 18:00,m3str,136549
2017-01-11 18:00,m4str,97624
2017-01-11 19:00,m1str,160116
2017-01-11 19:00,m2str,145247
2017-01-11 19:00,m3str,136661
2017-01-11 19:00,m4str,96859
2017-01-11 20:00,m1str,159624
2017-01-11 20:00,m2str,144207
2017-01-11 20:00,m3str,134915
2017-01-11 20:00,m4str,95849
2017-01-11 21:00,m1str,160512
2017-01-11 21:00,m2str,142999
2017-01-11 21:00,m3str,134873
2017-01-11 21:00,m4str,97024
2017-01-11 22:00,m1str,154512
2017-01-11 22:00,m2str,143065
2017-01-11 22:00,m3str,132059
2017-01-11 22:00,m4str,94648
2017-01-11 23:00,m1str,154580
2017-01-11 23:00,m2str,142468
2017-01-11 23:00,m3str,130290
2017-01-11 23:00,m4str,93298
2017-01-12 00:00,m1str,154148
2017-01-12 00:00,m2str,140783
2017-01-12 00:00,m3str,128799
2017-01-12 00:00,m4str,92844
2017-01-12 01:00,m1str,152904
2017-01-12 01:00,m2str,140514
2017-01-12 01:00,m3str,128110
2017-01-12 01:00,m4str,92870
2017-01-12 02:00,m1str,152912
2017-01-12 02:00,m2str,139598
2017-01-12 02:00,m3str,127622
2017-01-12 02:00,m4str,92834
2017-01-12 03:00,m1str,151912
2017-01-12 03:00,m2str,138832
2017-01-12 03:00,m3str,126546
2017-01-12 03:00,m4str,92166
2017-01-12 04:00,m1str,152192
2017-01-12 04:00,m2str,138983
2017-01-12 04:00,m3str,126925
2017-01-12 04:00,m4str,92298
2017-01-12 05:00,m1str,153708
2017-01-12 05:00,m2str,139489
2017-01-12 05:00,m3str,128163
2017-01-12 05:00,m4str,93440
2017-01-12 06:00,m1str,154908
2017-01-12 06:00,m2str,139556
2017-01-12 06:00,m3str,129320
2017-01-12 06:00,m4str,94882
2017-01-12 07:00,m1str,154552
2017-01-12 07:00,m2str,139615
2017-01-12 07:00,m3str,129333
2017-01-12 07:00,m4str,94683
2017-01-12 08:00,m1str,153648
2017-01-12 08:00,m2str,139420
2017-01-12 08:00,m3str,128560
2017-01-12 08:00,m4str,93813
2017-01-12 09:00,m1str,155524
2017-01-12 09:00,m2str,139863
2017-01-12 09:00,m3str,130611
2017-01-12 09:00,m4str,95842
2017-01-12 10:00,m1str,156900
2017-01-12 10:00,m2str,139491
2017-01-12 10:00,m3str,131985
2017-01-12 10:00,m4str,97419
2017-01-12 11:00,m1str,158468
2017-01-12 11:00,m2str,140833
2017-01-12 11:00,m3str,133509
2017-01-12 11:00,m4str,98606
2017-01-12 12:00,m1str,156124
2017-01-12 12:00,m2str,140766
2017-01-12 12:00,m3str,131132
2017-01-12 12:00,m4str,96187
2017-01-12 13:00,m1str,155332
2017-01-12 13:00,m2str,142707
2017-01-12 13:00,m3str,131357
2017-01-12 13:00,m4str,95396
2017-01-12 14:00,m1str,158408
2017-01-12 14:00,m2str,143640
2017-01-12 14:00,m3str,135684
2017-01-12 14:00,m4str,98916
2017-01-12 15:00,m1str,163580
2017-01-12 15:00,m2str,143911
2017-01-12 15:00,m3str,139383
2017-01-12 15:00,m4str,101162
2017-01-12 16:00,m1str,161048
2017-01-12 16:00,m2str,144763
2017-01-12 16:00,m3str,137397
2017-01-12 16:00,m4str,98399
2017-01-12 17:00,m1str,157456
2017-01-12 17:00,m2str,144133
2017-01-12 17:00,m3str,135939
2017-01-12 17:00,m4str,96631
2017-01-12 18:00,m1str,156944
2017-01-12 18:00,m2str,144368
2017-01-12 18:00,m3str,136112
2017-01-12 18:00,m4str,96175
2017-01-12 19:00,m1str,155240
2017-01-12 19:00,m2str,144818
2017-01-12 19:00,m3str,134546
2017-01-12 19:00,m4str,95270
2017-01-12 20:00,m1str,153560
2017-01-12 20:00,m2str,144609
2017-01-12 20:00,m3str,131461
2017-01-12 20:00,m4str,92156
2017-01-12 21:00,m1str,153180
2017-01-12 21:00,m2str,142590
2017-01-12 21:00,m3str,130572
2017-01-12 21:00,m4str,92247
2017-01-12 22:00,m1str,151108
2017-01-12 22:00,m2str,141458
2017-01-12 22:00,m3str,128998
2017-01-12 22:00,m4str,90982
2017-01-12 23:00,m1str,152552
2017-01-12 23:00,m2str,141051
2017-01-12 23:00,m3str,128313
2017-01-12 23:00,m4str,90932
2017-01-13 00:00,m1str,151848
2017-01-13 00:00,m2str,140157
2017-01-13 00:00,m3str,127919
2017-01-13 00:00,m4str,92016
2017-01-13 01:00,m1str,153052
2017-01-13 01:00,m2str,138568
2017-01-13 01:00,m3str,127274
2017-01-13 01:00,m4str,92573
2017-01-13 02:00,m1str,151820
2017-01-13 02:00,m2str,138672
2017-01-13 02:00,m3str,127336
2017-01-13 02:00,m4str,92153
2017-01-13 03:00,m1str,149120
2017-01-13 03:00,m2str,138388
2017-01-13 03:00,m3str,124700
2017-01-13 03:00,m4str,90215
2017-01-13 04:00,m1str,149036
2017-01-13 04:00,m2str,138480
2017-01-13 04:00,m3str,124780
2017-01-13 04:00,m4str,90192
2017-01-13 05:00,m1str,149600
2017-01-13 05:00,m2str,138209
2017-01-13 05:00,m3str,124885
2017-01-13 05:00,m4str,89936
2017-01-13 06:00,m1str,151284
2017-01-13 06:00,m2str,138903
2017-01-13 06:00,m3str,126075
2017-01-13 06:00,m4str,91454
2017-01-13 07:00,m1str,152132
2017-01-13 07:00,m2str,138902
2017-01-13 07:00,m3str,126798
2017-01-13 07:00,m4str,92339
2017-01-13 08:00,m1str,151412
2017-01-13 08:00,m2str,139143
2017-01-13 08:00,m3str,126829
2017-01-13 08:00,m4str,91383
2017-01-13 09:00,m1str,151416
2017-01-13 09:00,m2str,139512
2017-01-13 09:00,m3str,126970
2017-01-13 09:00,m4str,91686
2017-01-13 10:00,m1str,155348
2017-01-13 10:00,m2str,140454
2017-01-13 10:00,m3str,131024
2017-01-13 10:00,m4str,95253
2017-01-13 11:00,m1str,156644
2017-01-13 11:00,m2str,141359
2017-01-13 11:00,m3str,133099
2017-01-13 11:00,m4str,96878
2017-01-13 12:00,m1str,154876
2017-01-13 12:00,m2str,141101
2017-01-13 12:00,m3str,131599
2017-01-13 12:00,m4str,95681
2017-01-13 13:00,m1str,154796
2017-01-13 13:00,m2str,141915
2017-01-13 13:00,m3str,131913
2017-01-13 13:00,m4str,96165
2017-01-13 14:00,m1str,153748
2017-01-13 14:00,m2str,143514
2017-01-13 14:00,m3str,131634
2017-01-13 14:00,m4str,94370
2017-01-13 15:00,m1str,156312
2017-01-13 15:00,m2str,145251
2017-01-13 15:00,m3str,132583
2017-01-13 15:00,m4str,94426
2017-01-13 16:00,m1str,160148
2017-01-13 16:00,m2str,144973
2017-01-13 16:00,m3str,137349
2017-01-13 16:00,m4str,98774
2017-01-13 17:00,m1str,158084
2017-01-13 17:00,m2str,145496
2017-01-13 17:00,m3str,137650
2017-01-13 17:00,m4str,98077
2017-01-13 18:00,m1str,152200
2017-01-13 18:00,m2str,145669
2017-01-13 18:00,m3str,132673
2017-01-13 18:00,m4str,92353
2017-01-13 19:00,m1str,152024
2017-01-13 19:00,m2str,146363
2017-01-13 19:00,m3str,133115
2017-01-13 19:00,m4str,92148
2017-01-13 20:00,m1str,152020
2017-01-13 20:00,m2str,146662
2017-01-13 20:00,m3str,131972
2017-01-13 20:00,m4str,91355
2017-01-13 21:00,m1str,149864
2017-01-13 21:00,m2str,145319
2017-01-13 21:00,m3str,129359
2017-01-13 21:00,m4str,88996
2017-01-13 22:00,m1str,150196
2017-01-13 22:00,m2str,146027
2017-01-13 22:00,m3str,130855
2017-01-13 22:00,m4str,90334
2017-01-13 23:00,m1str,151288
2017-01-13 23:00,m2str,143060
2017-01-13 23:00,m3str,128566
2017-01-13 23:00,m4str,89284
2017-01-14 00:00,m1str,150272
2017-01-14 00:00,m2str,141755
2017-01-14 00:00,m3str,127189
2017-01-14 00:00,m4str,89497
2017-01-14 01:00,m1str,149264
2017-01-14 01:00,m2str,140010
2017-01-14 01:00,m3str,126034
2017-01-14 01:00,m4str,89556
2017-01-14 02:00,m1str,148664
2017-01-14 02:00,m2str,139416
2017-01-14 02:00,m3str,125156
2017-01-14 02:00,m4str,89338
2017-01-14 03:00,m1str,148224
2017-01-14 03:00,m2str,138498
2017-01-14 03:00,m3str,124276
2017-01-14 03:00,m4str,88899
2017-01-14 04:00,m1str,148348
2017-01-14 04:00,m2str,138566
2017-01-14 04:00,m3str,124314
2017-01-14 04:00,m4str,88840
2017-01-14 05:00,m1str,149232
2017-01-14 05:00,m2str,138796
2017-01-14 05:00,m3str,125232
2017-01-14 05:00,m4str,89937
2017-01-14 06:00,m1str,150724
2017-01-14 06:00,m2str,138677
2017-01-14 06:00,m3str,126247
2017-01-14 06:00,m4str,91163
2017-01-14 07:00,m1str,150132
2017-01-14 07:00,m2str,140374
2017-01-14 07:00,m3str,126454
2017-01-14 07:00,m4str,90401
2017-01-14 08:00,m1str,148296
2017-01-14 08:00,m2str,141200
2017-01-14 08:00,m3str,125828
2017-01-14 08:00,m4str,89184
2017-01-14 09:00,m1str,148944
2017-01-14 09:00,m2str,142300
2017-01-14 09:00,m3str,127262
2017-01-14 09:00,m4str,89461
2017-01-14 10:00,m1str,149756
2017-01-14 10:00,m2str,143354
2017-01-14 10:00,m3str,128500
2017-01-14 10:00,m4str,89777
2017-01-14 11:00,m1str,149752
2017-01-14 11:00,m2str,143982
2017-01-14 11:00,m3str,128446
2017-01-14 11:00,m4str,89870
2017-01-14 12:00,m1str,148408
2017-01-14 12:00,m2str,143746
2017-01-14 12:00,m3str,127864
2017-01-14 12:00,m4str,89051
2017-01-14 13:00,m1str,147956
2017-01-14 13:00,m2str,144616
2017-01-14 13:00,m3str,127764
2017-01-14 13:00,m4str,88702
2017-01-14 14:00,m1str,149032
2017-01-14 14:00,m2str,145372
2017-01-14 14:00,m3str,128884
2017-01-14 14:00,m4str,89991
2017-01-14 15:00,m1str,150808
2017-01-14 15:00,m2str,144845
2017-01-14 15:00,m3str,128779
2017-01-14 15:00,m4str,89779
2017-01-14 16:00,m1str,150600
2017-01-14 16:00,m2str,144212
2017-01-14 16:00,m3str,128408
2017-01-14 16:00,m4str,89338
2017-01-14 17:00,m1str,148456
2017-01-14 17:00,m2str,144584
2017-01-14 17:00,m3str,128982
2017-01-14 17:00,m4str,89334
2017-01-14 18:00,m1str,148480
2017-01-14 18:00,m2str,145488
2017-01-14 18:00,m3str,129410
2017-01-14 18:00,m4str,89718
2017-01-14 19:00,m1str,148876
2017-01-14 19:00,m2str,145655
2017-01-14 19:00,m3str,130243
2017-01-14 19:00,m4str,89874
2017-01-14 20:00,m1str,149592
2017-01-14 20:00,m2str,146456
2017-01-14 20:00,m3str,130160
2017-01-14 20:00,m4str,89440
2017-01-14 21:00,m1str,148572
2017-01-14 21:00,m2str,145401
2017-01-14 21:00,m3str,128881
2017-01-14 21:00,m4str,88382
2017-01-14 22:00,m1str,147720
2017-01-14 22:00,m2str,144613
2017-01-14 22:00,m3str,127957
2017-01-14 22:00,m4str,87275
2017-01-14 23:00,m1str,150688
2017-01-14 23:00,m2str,143880
2017-01-14 23:00,m3str,128244
2017-01-14 23:00,m4str,89814
